Source resource ID,_id,associatedMedia._id,associatedMedia.assetID,associatedMedia.category,associatedMedia.created,associatedMedia.creator,associatedMedia.identifier,associatedMedia.license,associatedMedia.mime,associatedMedia.modified,associatedMedia.rightsHolder,associatedMedia.title,associatedMedia.type,associatedMediaCount,basisOfRecord,catalogNumber,catalogueDescription,chronostratigraphy,class,collectionCode,continent,country,created,decimalLatitude,decimalLongitude,determinationNames,donorName,earliestEonOrLowestEonothem,earliestEpochOrLowestSeries,earliestEraOrLowestErathem,earliestPeriodOrLowestSystem,family,gbifID,gbifIssue,genus,higherClassification,higherGeography,identificationQualifier,institutionCode,kingdom,latestEonOrHighestEonothem,latestEpochOrHighestSeries,latestEraOrHighestErathem,latestPeriodOrHighestSystem,lifeStage,locality,modified,occurrenceID,order,otherCatalogNumbers,phylum,recordedBy,samplingProtocol,scientificName,scientificNameAuthorship,sex,specificEpithet,stateProvince,subDepartment,verbatimLatitude,verbatimLongitude,year
05ff2255-c38a-40c9-b657-4ccb55ab2feb,2015760,,,,,,,,,,,,,,Specimen,PA EM 289,,"Quaternary, Holocene",,PAL,Europe,France,856396800000,46.200,5.500,Homo sapiens | Homo sapiens,M Code,Phanerozoic,Holocene,Cenozoic,Quaternary,,1056458619,GEODETIC_DATUM_ASSUMED_WGS84,,,Europe; France; Rhône-Alpes; Ain,,NHMUK,,Phanerozoic,Holocene,Cenozoic,Quaternary,,"La Genière, La Genière",1530800332000,577241c1-20c8-4850-ad52-316efc6209cc,,NHMUK:ecatalogue:2015760,,,,,,,,Rhône-Alpes,Anthropology,46 12 00 N,005 30 00 E,
05ff2255-c38a-40c9-b657-4ccb55ab2feb,2845672,,,,,,,,,,,,,,Specimen,PA EM 4126,"Postcrania. Rib. Homo sapiens. Bruniquel Cave, France, Europe. Upper Palaeolithic. Magdalenian period.","Quaternary, Pleistocene",Mammalia,PAL,Europe,France,1383303363000,44.033,1.567,"Homo sapiens Linnaeus, 1758",F de Lastic,Phanerozoic,Pleistocene,Cenozoic,Quaternary,Hominidae,1944428267,GEODETIC_DATUM_ASSUMED_WGS84,Homo,Animalia; Chordata; Vertebrata; Mammalia; Primates; Haplorrhini; Simiiformes; Hominoidea; Hominidae,Europe; France; Midi-Pyrénées; Tarn-et-Garonne,,NHMUK,Animalia,Phanerozoic,Pleistocene,Cenozoic,Quaternary,,"Bruniquel les Forges, Aveyron valley, Bruniquel les Forges, Aveyron valley",1541507968000,ebfd6055-7bcb-4c3c-98ec-ea2942abb686,Primates,NHMUK:ecatalogue:2845672,Chordata,F de Lastic,Excavation,"Homo sapiens Linnaeus, 1758","Linnaeus, 1758",,sapiens,Midi-Pyrénées,Anthropology,44 02 00 N,001 34 00 E,1863
05ff2255-c38a-40c9-b657-4ccb55ab2feb,2844341,,,,,,,,,,,,,,Specimen,PA EM 4121,"Indet bone fragment. Homo sapiens. Bruniquel Cave, France, Europe. Upper Palaeolithic. Magdalenian period.","Quaternary, Pleistocene",Mammalia,PAL,Europe,France,1383236282000,44.033,1.567,"Homo sapiens Linnaeus, 1758",F de Lastic,Phanerozoic,Pleistocene,Cenozoic,Quaternary,Hominidae,1944428258,GEODETIC_DATUM_ASSUMED_WGS84,Homo,Animalia; Chordata; Vertebrata; Mammalia; Primates; Haplorrhini; Simiiformes; Hominoidea; Hominidae,Europe; France; Midi-Pyrénées; Tarn-et-Garonne,,NHMUK,Animalia,Phanerozoic,Pleistocene,Cenozoic,Quaternary,,"Bruniquel les Forges, Aveyron valley, Bruniquel les Forges, Aveyron valley",1541507967000,c5d2cb0f-3d50-4c83-8897-2e27eee04a4f,Primates,NHMUK:ecatalogue:2844341,Chordata,F de Lastic,Excavation,"Homo sapiens Linnaeus, 1758","Linnaeus, 1758",,sapiens,Midi-Pyrénées,Anthropology,44 02 00 N,001 34 00 E,1863
05ff2255-c38a-40c9-b657-4ccb55ab2feb,2844339,,,,,,,,,,,,,,Specimen,PA EM 4119,"Postcrania. Ribs. Homo sapiens. Bruniquel Cave, France, Europe. Upper Palaeolithic. Magdalenian period.","Quaternary, Pleistocene",Mammalia,PAL,Europe,France,1383235650000,44.033,1.567,"Homo sapiens Linnaeus, 1758",F de Lastic,Phanerozoic,Pleistocene,Cenozoic,Quaternary,Hominidae,1944428257,GEODETIC_DATUM_ASSUMED_WGS84,Homo,Animalia; Chordata; Vertebrata; Mammalia; Primates; Haplorrhini; Simiiformes; Hominoidea; Hominidae,Europe; France; Midi-Pyrénées; Tarn-et-Garonne,,NHMUK,Animalia,Phanerozoic,Pleistocene,Cenozoic,Quaternary,,"Bruniquel les Forges, Aveyron valley, Bruniquel les Forges, Aveyron valley",1541507967000,b827b57d-b61d-416f-8fc4-5d91514f796b,Primates,NHMUK:ecatalogue:2844339,Chordata,F de Lastic,Excavation,"Homo sapiens Linnaeus, 1758","Linnaeus, 1758",,sapiens,Midi-Pyrénées,Anthropology,44 02 00 N,001 34 00 E,1863
05ff2255-c38a-40c9-b657-4ccb55ab2feb,2840534,193260,cfa16d36cea01a2343587bb91212489e2c35ff48,Specimen,1382631239000,Gabrielle Delbarre,https://www.nhm.ac.uk/services/media-store/asset/cfa16d36cea01a2343587bb91212489e2c35ff48/contents/preview,http://creativecommons.org/licenses/by/4.0/,jpeg,1455543269000,"The Trustees of the Natural History Museum, London",NHM-UK_PA_EM 4107_1_M_1,StillImage,1,Specimen,PA EM 4107,"Hand. Distal phalange. Homo sapiens. Bruniquel Cave, France. Magdalenian period.","Quaternary, Pleistocene",Mammalia,PAL,Europe,France,1382092994000,44.033,1.567,"Homo sapiens Linnaeus, 1758",F de Lastic,Phanerozoic,Pleistocene,Cenozoic,Quaternary,Hominidae,1944428250,GEODETIC_DATUM_ASSUMED_WGS84,Homo,Animalia; Chordata; Vertebrata; Mammalia; Primates; Haplorrhini; Simiiformes; Hominoidea; Hominidae,Europe; France; Midi-Pyrénées; Tarn-et-Garonne,,NHMUK,Animalia,Phanerozoic,Pleistocene,Cenozoic,Quaternary,,"Bruniquel les Forges, Aveyron valley, Bruniquel les Forges, Aveyron valley",1541507966000,7f1997e2-8ad2-4b28-81a4-c1cc16536f2e,Primates,NHMUK:ecatalogue:2840534,Chordata,F de Lastic,Excavation,"Homo sapiens Linnaeus, 1758","Linnaeus, 1758",,sapiens,Midi-Pyrénées,Anthropology,44 02 00 N,001 34 00 E,1863
05ff2255-c38a-40c9-b657-4ccb55ab2feb,2840515,193205,cc6506d3a6e64ede4b4e28a3404e9deea0fa05b1,Specimen,1382627919000,Gabrielle Delbarre,https://www.nhm.ac.uk/services/media-store/asset/cc6506d3a6e64ede4b4e28a3404e9deea0fa05b1/contents/preview,http://creativecommons.org/licenses/by/4.0/,jpeg,1455543269000,"The Trustees of the Natural History Museum, London",NHM-UK_PA_EM 4102_1_M_1,StillImage,1,Specimen,PA EM 4102,"Humerus head. Homo sapiens. Bruniquel Cave, France. Magdalenian period.","Quaternary, Pleistocene",Mammalia,PAL,Europe,France,1382090867000,44.033,1.567,"Homo sapiens Linnaeus, 1758",F de Lastic,Phanerozoic,Pleistocene,Cenozoic,Quaternary,Hominidae,1944428240,GEODETIC_DATUM_ASSUMED_WGS84,Homo,Animalia; Chordata; Vertebrata; Mammalia; Primates; Haplorrhini; Simiiformes; Hominoidea; Hominidae,Europe; France; Midi-Pyrénées; Tarn-et-Garonne,,NHMUK,Animalia,Phanerozoic,Pleistocene,Cenozoic,Quaternary,,"Bruniquel les Forges, Aveyron valley, Bruniquel les Forges, Aveyron valley",1541507966000,a1146a27-d584-48ea-8bfc-44a714058b4c,Primates,NHMUK:ecatalogue:2840515,Chordata,F de Lastic,Excavation,"Homo sapiens Linnaeus, 1758","Linnaeus, 1758",,sapiens,Midi-Pyrénées,Anthropology,44 02 00 N,001 34 00 E,1863
05ff2255-c38a-40c9-b657-4ccb55ab2feb,2845791,,,,,,,,,,,,,,Specimen,PA EM 4132,"Postcrania. Rib. Homo sapiens. Bruniquel Cave, France, Europe. Upper Palaeolithic. Magdalenian period.","Quaternary, Pleistocene",Mammalia,PAL,Europe,France,1383303619000,44.033,1.567,"Homo sapiens Linnaeus, 1758",F de Lastic,Phanerozoic,Pleistocene,Cenozoic,Quaternary,Hominidae,1944428266,GEODETIC_DATUM_ASSUMED_WGS84,Homo,Animalia; Chordata; Vertebrata; Mammalia; Primates; Haplorrhini; Simiiformes; Hominoidea; Hominidae,Europe; France; Midi-Pyrénées; Tarn-et-Garonne,,NHMUK,Animalia,Phanerozoic,Pleistocene,Cenozoic,Quaternary,,"Bruniquel les Forges, Aveyron valley, Bruniquel les Forges, Aveyron valley",1541507968000,f9a404fb-6be3-4d2c-8736-af980b7405e5,Primates,NHMUK:ecatalogue:2845791,Chordata,F de Lastic,Excavation,"Homo sapiens Linnaeus, 1758","Linnaeus, 1758",,sapiens,Midi-Pyrénées,Anthropology,44 02 00 N,001 34 00 E,1863
05ff2255-c38a-40c9-b657-4ccb55ab2feb,2845756,,,,,,,,,,,,,,Specimen,PA EM 4130,"Postcrania. Rib. Homo sapiens. Bruniquel Cave, France, Europe. Upper Palaeolithic. Magdalenian period.","Quaternary, Pleistocene",Mammalia,PAL,Europe,France,1383303529000,44.033,1.567,"Homo sapiens Linnaeus, 1758",F de Lastic,Phanerozoic,Pleistocene,Cenozoic,Quaternary,Hominidae,1944428265,GEODETIC_DATUM_ASSUMED_WGS84,Homo,Animalia; Chordata; Vertebrata; Mammalia; Primates; Haplorrhini; Simiiformes; Hominoidea; Hominidae,Europe; France; Midi-Pyrénées; Tarn-et-Garonne,,NHMUK,Animalia,Phanerozoic,Pleistocene,Cenozoic,Quaternary,,"Bruniquel les Forges, Aveyron valley, Bruniquel les Forges, Aveyron valley",1541507968000,0bea6582-438e-469c-8caf-4ec47644bab1,Primates,NHMUK:ecatalogue:2845756,Chordata,F de Lastic,Excavation,"Homo sapiens Linnaeus, 1758","Linnaeus, 1758",,sapiens,Midi-Pyrénées,Anthropology,44 02 00 N,001 34 00 E,1863
05ff2255-c38a-40c9-b657-4ccb55ab2feb,2014959,,,,,,,,,,,,,,Specimen,PA EM 238,,"Quaternary, Pleistocene",,PAL,Europe,France,855100800000,44.933,1.017,Homo sapiens | Homo sapiens,Department of Zoology,Phanerozoic,Pleistocene,Cenozoic,Quaternary,,1055339370,GEODETIC_DATUM_ASSUMED_WGS84,,,Europe; France; Aquitaine; Dordogne,,NHMUK,,Phanerozoic,Pleistocene,Cenozoic,Quaternary,,"Les Eyzies de Tayac, Rock-shelter Cro-Magnon",1530800351000,c225815d-9b7b-4a85-8aad-e371fbe69482,,NHMUK:ecatalogue:2014959,,,,,,,,Aquitaine,Anthropology,44 56 00 N,001 01 00 E,
05ff2255-c38a-40c9-b657-4ccb55ab2feb,2015640,,,,,,,,,,,,,,Specimen,PA EM 240,,"Quaternary, Pleistocene",,PAL,Europe,France,855100800000,44.933,1.017,Homo sapiens | Homo sapiens,Department of Zoology,Phanerozoic,Pleistocene,Cenozoic,Quaternary,,1055676820,GEODETIC_DATUM_ASSUMED_WGS84,,,Europe; France; Aquitaine; Dordogne,,NHMUK,,Phanerozoic,Pleistocene,Cenozoic,Quaternary,,"Les Eyzies de Tayac, Rock-shelter Cro-Magnon",1530800351000,21307d0c-14a5-4570-8af9-2927305604de,,NHMUK:ecatalogue:2015640,,,,,,,,Aquitaine,Anthropology,44 56 00 N,001 01 00 E,
05ff2255-c38a-40c9-b657-4ccb55ab2feb,2845638,,,,,,,,,,,,,,Specimen,PA EM 4125,"Postcrania. Rib. Homo sapiens. Bruniquel Cave, France, Europe. Upper Palaeolithic. Magdalenian period.","Quaternary, Pleistocene",Mammalia,PAL,Europe,France,1383303285000,44.033,1.567,"Homo sapiens Linnaeus, 1758",F de Lastic,Phanerozoic,Pleistocene,Cenozoic,Quaternary,Hominidae,1944428264,GEODETIC_DATUM_ASSUMED_WGS84,Homo,Animalia; Chordata; Vertebrata; Mammalia; Primates; Haplorrhini; Simiiformes; Hominoidea; Hominidae,Europe; France; Midi-Pyrénées; Tarn-et-Garonne,,NHMUK,Animalia,Phanerozoic,Pleistocene,Cenozoic,Quaternary,,"Bruniquel les Forges, Aveyron valley, Bruniquel les Forges, Aveyron valley",1541507967000,1ad45e1d-9a58-4609-b9f5-a3b633953542,Primates,NHMUK:ecatalogue:2845638,Chordata,F de Lastic,Excavation,"Homo sapiens Linnaeus, 1758","Linnaeus, 1758",,sapiens,Midi-Pyrénées,Anthropology,44 02 00 N,001 34 00 E,1863
05ff2255-c38a-40c9-b657-4ccb55ab2feb,2845217,,,,,,,,,,,,,,Specimen,PA EM 4122,"Postcrania. Rib. Homo sapiens. Bruniquel Cave, France, Europe. Upper Palaeolithic. Magdalenian period.","Quaternary, Pleistocene",Mammalia,PAL,Europe,France,1383302381000,44.033,1.567,"Homo sapiens Linnaeus, 1758",F de Lastic,Phanerozoic,Pleistocene,Cenozoic,Quaternary,Hominidae,1944428259,GEODETIC_DATUM_ASSUMED_WGS84,Homo,Animalia; Chordata; Vertebrata; Mammalia; Primates; Haplorrhini; Simiiformes; Hominoidea; Hominidae,Europe; France; Midi-Pyrénées; Tarn-et-Garonne,,NHMUK,Animalia,Phanerozoic,Pleistocene,Cenozoic,Quaternary,,"Bruniquel les Forges, Aveyron valley, Bruniquel les Forges, Aveyron valley",1541507967000,ee58523b-c696-4723-8c9e-cbf0a9de0619,Primates,NHMUK:ecatalogue:2845217,Chordata,F de Lastic,Excavation,"Homo sapiens Linnaeus, 1758","Linnaeus, 1758",,sapiens,Midi-Pyrénées,Anthropology,44 02 00 N,001 34 00 E,1863
05ff2255-c38a-40c9-b657-4ccb55ab2feb,2840533,193259,117c55191ef118be162dec43f9892ec9017342da,Specimen,1382631174000,Gabrielle Delbarre,https://www.nhm.ac.uk/services/media-store/asset/117c55191ef118be162dec43f9892ec9017342da/contents/preview,http://creativecommons.org/licenses/by/4.0/,jpeg,1455543269000,"The Trustees of the Natural History Museum, London",NHM-UK_PA_EM 4106_1_M_1,StillImage,1,Specimen,PA EM 4106,"Hand. Intermediate phalange. Homo sapiens. Bruniquel Cave, France. Magdalenian period.","Quaternary, Pleistocene",Mammalia,PAL,Europe,France,1382092914000,44.033,1.567,"Homo sapiens Linnaeus, 1758",F de Lastic,Phanerozoic,Pleistocene,Cenozoic,Quaternary,Hominidae,1944428245,GEODETIC_DATUM_ASSUMED_WGS84,Homo,Animalia; Chordata; Vertebrata; Mammalia; Primates; Haplorrhini; Simiiformes; Hominoidea; Hominidae,Europe; France; Midi-Pyrénées; Tarn-et-Garonne,,NHMUK,Animalia,Phanerozoic,Pleistocene,Cenozoic,Quaternary,,"Bruniquel les Forges, Aveyron valley, Bruniquel les Forges, Aveyron valley",1541507966000,a8467086-f005-46a7-8147-656b0be5fa22,Primates,NHMUK:ecatalogue:2840533,Chordata,F de Lastic,Excavation,"Homo sapiens Linnaeus, 1758","Linnaeus, 1758",,sapiens,Midi-Pyrénées,Anthropology,44 02 00 N,001 34 00 E,1863
05ff2255-c38a-40c9-b657-4ccb55ab2feb,2840530,193253,d12f7d203728271d7c908e96c718ce8a4249ed7b,Specimen,1382630960000,Gabrielle Delbarre,https://www.nhm.ac.uk/services/media-store/asset/d12f7d203728271d7c908e96c718ce8a4249ed7b/contents/preview,http://creativecommons.org/licenses/by/4.0/,jpeg,1455543269000,"The Trustees of the Natural History Museum, London",NHM-UK_PA_EM 4104_1_M_1,StillImage,1,Specimen,PA EM 4104,"Hand. Proximal phalange. Homo sapiens. Bruniquel Cave, France. Magdalenian period.","Quaternary, Pleistocene",Mammalia,PAL,Europe,France,1382092733000,44.033,1.567,"Homo sapiens Linnaeus, 1758",F de Lastic,Phanerozoic,Pleistocene,Cenozoic,Quaternary,Hominidae,1944428241,GEODETIC_DATUM_ASSUMED_WGS84,Homo,Animalia; Chordata; Vertebrata; Mammalia; Primates; Haplorrhini; Simiiformes; Hominoidea; Hominidae,Europe; France; Midi-Pyrénées; Tarn-et-Garonne,,NHMUK,Animalia,Phanerozoic,Pleistocene,Cenozoic,Quaternary,,"Bruniquel les Forges, Aveyron valley, Bruniquel les Forges, Aveyron valley",1541507966000,98035557-dd4a-4c49-a0a0-7731cb1e689f,Primates,NHMUK:ecatalogue:2840530,Chordata,F de Lastic,Excavation,"Homo sapiens Linnaeus, 1758","Linnaeus, 1758",,sapiens,Midi-Pyrénées,Anthropology,44 02 00 N,001 34 00 E,1863
05ff2255-c38a-40c9-b657-4ccb55ab2feb,2840508,193175 | 193177,575d77a8927116a776939de27086977670eab796 | bbb9f343f8a4d13589d1010ff65fb58f3dda8454,Specimen | Specimen,1382626317000 | 1382626376000,Gabrielle Delbarre | Gabrielle Delbarre,https://www.nhm.ac.uk/services/media-store/asset/575d77a8927116a776939de27086977670eab796/contents/preview | https://www.nhm.ac.uk/services/media-store/asset/bbb9f343f8a4d13589d1010ff65fb58f3dda8454/contents/preview,http://creativecommons.org/licenses/by/4.0/ | http://creativecommons.org/licenses/by/4.0/,jpeg | jpeg,1455543269000 | 1455543269000,"The Trustees of the Natural History Museum, London | The Trustees of the Natural History Museum, London",NHM-UK_PA_EM 4099_1_M_1 | NHM-UK_PA_EM 4099_2_M_1,StillImage | StillImage,2,Specimen,PA EM 4099,"Vertebra. Homo sapiens. Bruniquel Cave, France. Magdalenian period.","Quaternary, Pleistocene",Mammalia,PAL,Europe,France,1382087624000,44.033,1.567,"Homo sapiens Linnaeus, 1758",F de Lastic,Phanerozoic,Pleistocene,Cenozoic,Quaternary,Hominidae,1944428242,GEODETIC_DATUM_ASSUMED_WGS84,Homo,Animalia; Chordata; Vertebrata; Mammalia; Primates; Haplorrhini; Simiiformes; Hominoidea; Hominidae,Europe; France; Midi-Pyrénées; Tarn-et-Garonne,,NHMUK,Animalia,Phanerozoic,Pleistocene,Cenozoic,Quaternary,,"Bruniquel les Forges, Aveyron valley, Bruniquel les Forges, Aveyron valley",1541507965000,8910ea3c-230f-4bc9-a436-da1a8c748cc5,Primates,NHMUK:ecatalogue:2840508,Chordata,F de Lastic,Excavation,"Homo sapiens Linnaeus, 1758","Linnaeus, 1758",,sapiens,Midi-Pyrénées,Anthropology,44 02 00 N,001 34 00 E,1863
05ff2255-c38a-40c9-b657-4ccb55ab2feb,2840506,193171,311deadb47757d1569e97c46179d03ed86f106be,Specimen,1382626123000,Gabrielle Delbarre,https://www.nhm.ac.uk/services/media-store/asset/311deadb47757d1569e97c46179d03ed86f106be/contents/preview,http://creativecommons.org/licenses/by/4.0/,jpeg,1455543269000,"The Trustees of the Natural History Museum, London",NHM-UK_PA_EM 4098_1_M_1,StillImage,1,Specimen,PA EM 4098,"Vertebra. Fragment. Homo sapiens. Bruniquel Cave, France. Magdalenian period.","Quaternary, Pleistocene",Mammalia,PAL,Europe,France,1382087477000,44.033,1.567,"Homo sapiens Linnaeus, 1758",F de Lastic,Phanerozoic,Pleistocene,Cenozoic,Quaternary,Hominidae,1944428237,GEODETIC_DATUM_ASSUMED_WGS84,Homo,Animalia; Chordata; Vertebrata; Mammalia; Primates; Haplorrhini; Simiiformes; Hominoidea; Hominidae,Europe; France; Midi-Pyrénées; Tarn-et-Garonne,,NHMUK,Animalia,Phanerozoic,Pleistocene,Cenozoic,Quaternary,,"Bruniquel les Forges, Aveyron valley, Bruniquel les Forges, Aveyron valley",1541507965000,18442f91-3407-48e6-a9bb-85dd185e82a4,Primates,NHMUK:ecatalogue:2840506,Chordata,F de Lastic,Excavation,"Homo sapiens Linnaeus, 1758","Linnaeus, 1758",,sapiens,Midi-Pyrénées,Anthropology,44 02 00 N,001 34 00 E,1863
05ff2255-c38a-40c9-b657-4ccb55ab2feb,2827575,184996 | 184997 | 573735,1ff87acfbb8910243a4d035bd721105397a6695f | 01840a5b73488c798f6ea1d7b464b027491e8f94 | 92500833d6670c6773a3c22cf2895316ba3fea5d,Specimen | Specimen | Specimen,1382111772000 | 1382111844000 | 1402610791000,Gabrielle Delbarre | Gabrielle Delbarre | Robert Kruszynski,https://www.nhm.ac.uk/services/media-store/asset/1ff87acfbb8910243a4d035bd721105397a6695f/contents/preview | https://www.nhm.ac.uk/services/media-store/asset/01840a5b73488c798f6ea1d7b464b027491e8f94/contents/preview | https://www.nhm.ac.uk/services/media-store/asset/92500833d6670c6773a3c22cf2895316ba3fea5d/contents/preview,http://creativecommons.org/licenses/by/4.0/ | http://creativecommons.org/licenses/by/4.0/ | http://creativecommons.org/licenses/by/4.0/,jpeg | jpeg | jpeg,1455543270000 | 1455543270000 | 1455615135000,"The Trustees of the Natural History Museum, London | The Trustees of the Natural History Museum, London | The Trustees of the Natural History Museum, London",NHM-UK_PA_EM3978_1_M_1.jpg | NHM-UK_PA_EM3978_2_M_1.jpg | NHMUK_PA_EM_3978,StillImage | StillImage | StillImage,3,Specimen,PA EM 3978,"Skull. Homo sapiens. Bruniquel Cave, France. Magdalenian period.","Quaternary, Pleistocene",Mammalia,PAL,Europe,France,1380125005000,44.033,1.567,"Homo sapiens Linnaeus, 1758",F de Lastic,Phanerozoic,Pleistocene,Cenozoic,Quaternary,Hominidae,1944428234,GEODETIC_DATUM_ASSUMED_WGS84,Homo,Animalia; Chordata; Vertebrata; Mammalia; Primates; Haplorrhini; Simiiformes; Hominoidea; Hominidae,Europe; France; Midi-Pyrénées; Tarn-et-Garonne,,NHMUK,Animalia,Phanerozoic,Pleistocene,Cenozoic,Quaternary,,"Bruniquel les Forges, Aveyron valley, Bruniquel les Forges, Aveyron valley",1541507955000,f26a491c-b124-4341-afb4-58a666283c2a,Primates,NHMUK:ecatalogue:2827575,Chordata,F de Lastic,Excavation,"Homo sapiens Linnaeus, 1758","Linnaeus, 1758",,sapiens,Midi-Pyrénées,Anthropology,44 02 00 N,001 34 00 E,1863
05ff2255-c38a-40c9-b657-4ccb55ab2feb,2817556,194323 | 194325,bca18541497e27b89991b92c73ffd62ef4658dea | c4868d68b82c25fe68b131638e7529887f587233,Specimen | Specimen,1382713677000 | 1382713772000,Gabrielle Delbarre | Gabrielle Delbarre,https://www.nhm.ac.uk/services/media-store/asset/bca18541497e27b89991b92c73ffd62ef4658dea/contents/preview | https://www.nhm.ac.uk/services/media-store/asset/c4868d68b82c25fe68b131638e7529887f587233/contents/preview,http://creativecommons.org/licenses/by/4.0/ | http://creativecommons.org/licenses/by/4.0/,jpeg | jpeg,1455543268000 | 1455543268000,"The Trustees of the Natural History Museum, London | The Trustees of the Natural History Museum, London",NHM-UK_PA_EM 3972_1_M_1 | NHM-UK_PA_EM 3972_2_M_1,StillImage | StillImage,2,Specimen,PA EM 3972,"Skull fragment. Homo sapiens. Bruniquel Cave, France. Magdalenian period.","Quaternary, Pleistocene",Mammalia,PAL,Europe,France,1377874411000,44.033,1.567,"Homo sapiens Linnaeus, 1758",F de Lastic,Phanerozoic,Pleistocene,Cenozoic,Quaternary,Hominidae,1944428223,GEODETIC_DATUM_ASSUMED_WGS84,Homo,Animalia; Chordata; Vertebrata; Mammalia; Primates; Haplorrhini; Simiiformes; Hominoidea; Hominidae,Europe; France; Midi-Pyrénées; Tarn-et-Garonne,,NHMUK,Animalia,Phanerozoic,Pleistocene,Cenozoic,Quaternary,Adult,"Bruniquel les Forges, Aveyron valley, Bruniquel les Forges, Aveyron valley",1541507954000,6a2824dd-6c9c-4aa0-b7b9-ba206a5e7999,Primates,NHMUK:ecatalogue:2817556,Chordata,F de Lastic,Excavation,"Homo sapiens Linnaeus, 1758","Linnaeus, 1758",,sapiens,Midi-Pyrénées,Anthropology,44 02 00 N,001 34 00 E,1863
05ff2255-c38a-40c9-b657-4ccb55ab2feb,2014937,,,,,,,,,,,,,,Specimen,PA EM 237,,"Quaternary, Pleistocene",,PAL,Europe,France,855100800000,44.933,1.017,Homo sapiens | Homo sapiens,Department of Zoology,Phanerozoic,Pleistocene,Cenozoic,Quaternary,,1056069721,GEODETIC_DATUM_ASSUMED_WGS84,,,Europe; France; Aquitaine; Dordogne,,NHMUK,,Phanerozoic,Pleistocene,Cenozoic,Quaternary,,"Les Eyzies de Tayac, Rock-shelter Cro-Magnon",1530800351000,186e3c9c-7602-4d32-b2f0-44dc1666a8ea,,NHMUK:ecatalogue:2014937,,,,,,,,Aquitaine,Anthropology,44 56 00 N,001 01 00 E,
05ff2255-c38a-40c9-b657-4ccb55ab2feb,2932765,391079 | 391081,c249537e3104ee546ff61e08484f60bf433c2a90 | 2d968a1874f6a6996184b0b8a5ce338aa3831f0a,Label | Label,1393604873000 | 1393604918000,Gabrielle Delbarre | Gabrielle Delbarre,https://www.nhm.ac.uk/services/media-store/asset/c249537e3104ee546ff61e08484f60bf433c2a90/contents/preview | https://www.nhm.ac.uk/services/media-store/asset/2d968a1874f6a6996184b0b8a5ce338aa3831f0a/contents/preview,http://creativecommons.org/licenses/by/4.0/ | http://creativecommons.org/licenses/by/4.0/,jpeg | jpeg,1455705067000 | 1455705067000,"The Trustees of the Natural History Museum, London | The Trustees of the Natural History Museum, London",PA EM 4351 Original box cover inscription | PA EM 4351 Original box inscription,StillImage | StillImage,2,Specimen,PA EM 4351,Cast. Cranium,"Quaternary, Pleistocene",Mammalia,PAL,Europe,France,1390306240000,44.933,1.017,"Homo sapiens Linnaeus, 1758",,Phanerozoic,Pleistocene,Cenozoic,Quaternary,Hominidae,1913207619,GEODETIC_DATUM_ASSUMED_WGS84,Homo,Animalia; Chordata; Vertebrata; Mammalia; Primates; Haplorrhini; Simiiformes; Hominoidea; Hominidae,Europe; France; Aquitaine; Dordogne,,NHMUK,Animalia,Phanerozoic,,Cenozoic,Quaternary,Adult,"Les Eyzies de Tayac, Rock-shelter Cro-Magnon",1535976747000,e1318135-1ceb-4844-aae4-01a83b06d7fa,Primates,NHMUK:ecatalogue:2932765,Chordata,,,"Homo sapiens Linnaeus, 1758","Linnaeus, 1758",Male,sapiens,Aquitaine,Anthropology,44 56 00 N,001 01 00 E,
05ff2255-c38a-40c9-b657-4ccb55ab2feb,2349817,391062 | 391064,0732b8fbf67a31d6dfedee436964b51150452cba | 27b388af5ded6184b1cdc6344ffa6ecd96a06799,Label | Label,1393604099000 | 1393604150000,Gabrielle Delbarre | Gabrielle Delbarre,https://www.nhm.ac.uk/services/media-store/asset/0732b8fbf67a31d6dfedee436964b51150452cba/contents/preview | https://www.nhm.ac.uk/services/media-store/asset/27b388af5ded6184b1cdc6344ffa6ecd96a06799/contents/preview,http://creativecommons.org/licenses/by/4.0/ | http://creativecommons.org/licenses/by/4.0/,jpeg | jpeg,1454492446000 | 1454492448000,"The Trustees of the Natural History Museum, London | The Trustees of the Natural History Museum, London",PA EM 1806 to PA EM 1809 Original box cover label | PA EM 1806 to PA EM 1809 Original box label,StillImage | StillImage,2,Specimen,PA EM 1808,Cast. Humerus.,"Quaternary, Pleistocene",Mammalia,PAL,Europe,France,1329256768000,44.933,1.017,"Homo sapiens Linnaeus, 1758",J-L Heim,Phanerozoic,Pleistocene,Cenozoic,Quaternary,Hominidae,1913207401,GEODETIC_DATUM_ASSUMED_WGS84,Homo,Animalia; Chordata; Vertebrata; Mammalia; Primates; Haplorrhini; Simiiformes; Hominoidea; Hominidae,Europe; France; Aquitaine; Dordogne,,NHMUK,Animalia,Phanerozoic,,Cenozoic,Quaternary,Adult,"Les Eyzies de Tayac, Rock-shelter Cro-Magnon",1535976747000,9de04b19-9f5d-4c76-8e8b-220a3cd44179,Primates,NHMUK:ecatalogue:2349817,Chordata,,,"Homo sapiens Linnaeus, 1758","Linnaeus, 1758",Male,sapiens,Aquitaine,Anthropology,44 56 00 N,001 01 00 E,
05ff2255-c38a-40c9-b657-4ccb55ab2feb,2827579,193159,3312462f77e7a62182241d318ae88e958d8826ef,Specimen,1382624008000,Gabrielle Delbarre,https://www.nhm.ac.uk/services/media-store/asset/3312462f77e7a62182241d318ae88e958d8826ef/contents/preview,http://creativecommons.org/licenses/by/4.0/,jpeg,1455543269000,"The Trustees of the Natural History Museum, London",NHM-UK_PA_EM 3981_1_M_1,StillImage,1,Specimen,PA EM 3981,"Skull fragment. Homo sapiens. Bruniquel Cave, France. Magdalenian period.","Quaternary, Pleistocene",Mammalia,PAL,Europe,France,1380126462000,44.033,1.567,"Homo sapiens Linnaeus, 1758",F de Lastic,Phanerozoic,Pleistocene,Cenozoic,Quaternary,Hominidae,1944428233,GEODETIC_DATUM_ASSUMED_WGS84,Homo,Animalia; Chordata; Vertebrata; Mammalia; Primates; Haplorrhini; Simiiformes; Hominoidea; Hominidae,Europe; France; Midi-Pyrénées; Tarn-et-Garonne,,NHMUK,Animalia,Phanerozoic,Pleistocene,Cenozoic,Quaternary,,"Bruniquel les Forges, Aveyron valley, Bruniquel les Forges, Aveyron valley",1541507955000,71723021-44cc-4f57-8a89-3689718d7ed6,Primates,NHMUK:ecatalogue:2827579,Chordata,F de Lastic,Excavation,"Homo sapiens Linnaeus, 1758","Linnaeus, 1758",,sapiens,Midi-Pyrénées,Anthropology,44 02 00 N,001 34 00 E,1863
05ff2255-c38a-40c9-b657-4ccb55ab2feb,2349576,391043,f74182d5050e5ed8da38b66404e8b4a604c0cd41,Label,1393603429000,Gabrielle Delbarre,https://www.nhm.ac.uk/services/media-store/asset/f74182d5050e5ed8da38b66404e8b4a604c0cd41/contents/preview,http://creativecommons.org/licenses/by/4.0/,jpeg,1454493438000,"The Trustees of the Natural History Museum, London",PA EM 1795 Original box cover label,StillImage,1,Specimen,PA EM 1795,Cast. Cranium,"Quaternary, Pleistocene",Mammalia,PAL,Europe,France,1329227517000,44.933,1.017,"Homo sapiens Linnaeus, 1758","Musée de L'Homme, Paris",Phanerozoic,Pleistocene,Cenozoic,Quaternary,Hominidae,1913207396,GEODETIC_DATUM_ASSUMED_WGS84,Homo,Animalia; Chordata; Vertebrata; Mammalia; Primates; Haplorrhini; Simiiformes; Hominoidea; Hominidae,Europe; France; Aquitaine; Dordogne,,NHMUK,Animalia,Phanerozoic,,Cenozoic,Quaternary,Adult,"Les Eyzies de Tayac, Rock-shelter Cro-Magnon",1535976747000,a9283262-a3d5-4c3e-b1b9-0e5ea0921a80,Primates,NHMUK:ecatalogue:2349576,Chordata,,,"Homo sapiens Linnaeus, 1758","Linnaeus, 1758",Male,sapiens,Aquitaine,Anthropology,44 56 00 N,001 01 00 E,
05ff2255-c38a-40c9-b657-4ccb55ab2feb,2845692,,,,,,,,,,,,,,Specimen,PA EM 4127,"Postcrania. Rib. Homo sapiens. Bruniquel Cave, France, Europe. Upper Palaeolithic. Magdalenian period.","Quaternary, Pleistocene",Mammalia,PAL,Europe,France,1383303400000,44.033,1.567,"Homo sapiens Linnaeus, 1758",F de Lastic,Phanerozoic,Pleistocene,Cenozoic,Quaternary,Hominidae,1944428268,GEODETIC_DATUM_ASSUMED_WGS84,Homo,Animalia; Chordata; Vertebrata; Mammalia; Primates; Haplorrhini; Simiiformes; Hominoidea; Hominidae,Europe; France; Midi-Pyrénées; Tarn-et-Garonne,,NHMUK,Animalia,Phanerozoic,Pleistocene,Cenozoic,Quaternary,,"Bruniquel les Forges, Aveyron valley, Bruniquel les Forges, Aveyron valley",1541507968000,903f9394-4c57-4962-afc3-7d5f58d78139,Primates,NHMUK:ecatalogue:2845692,Chordata,F de Lastic,Excavation,"Homo sapiens Linnaeus, 1758","Linnaeus, 1758",,sapiens,Midi-Pyrénées,Anthropology,44 02 00 N,001 34 00 E,1863
05ff2255-c38a-40c9-b657-4ccb55ab2feb,2845615,,,,,,,,,,,,,,Specimen,PA EM 4124,"Postcrania. Rib. Homo sapiens. Bruniquel Cave, France, Europe. Upper Palaeolithic. Magdalenian period.","Quaternary, Pleistocene",Mammalia,PAL,Europe,France,1383303236000,44.033,1.567,"Homo sapiens Linnaeus, 1758",F de Lastic,Phanerozoic,Pleistocene,Cenozoic,Quaternary,Hominidae,1944428262,GEODETIC_DATUM_ASSUMED_WGS84,Homo,Animalia; Chordata; Vertebrata; Mammalia; Primates; Haplorrhini; Simiiformes; Hominoidea; Hominidae,Europe; France; Midi-Pyrénées; Tarn-et-Garonne,,NHMUK,Animalia,Phanerozoic,Pleistocene,Cenozoic,Quaternary,,"Bruniquel les Forges, Aveyron valley, Bruniquel les Forges, Aveyron valley",1541507967000,470f609d-d8e5-4f3d-92bb-ed1157a1579a,Primates,NHMUK:ecatalogue:2845615,Chordata,F de Lastic,Excavation,"Homo sapiens Linnaeus, 1758","Linnaeus, 1758",,sapiens,Midi-Pyrénées,Anthropology,44 02 00 N,001 34 00 E,1863
05ff2255-c38a-40c9-b657-4ccb55ab2feb,2845518,,,,,,,,,,,,,,Specimen,PA EM 4123,"Postcrania. Rib. Homo sapiens. Bruniquel Cave, France, Europe. Upper Palaeolithic. Magdalenian period.","Quaternary, Pleistocene",Mammalia,PAL,Europe,France,1383303049000,44.033,1.567,"Homo sapiens Linnaeus, 1758",F de Lastic,Phanerozoic,Pleistocene,Cenozoic,Quaternary,Hominidae,1944428260,GEODETIC_DATUM_ASSUMED_WGS84,Homo,Animalia; Chordata; Vertebrata; Mammalia; Primates; Haplorrhini; Simiiformes; Hominoidea; Hominidae,Europe; France; Midi-Pyrénées; Tarn-et-Garonne,,NHMUK,Animalia,Phanerozoic,Pleistocene,Cenozoic,Quaternary,,"Bruniquel les Forges, Aveyron valley, Bruniquel les Forges, Aveyron valley",1541507967000,d54dd432-b334-40bb-8218-10c1d756aa28,Primates,NHMUK:ecatalogue:2845518,Chordata,F de Lastic,Excavation,"Homo sapiens Linnaeus, 1758","Linnaeus, 1758",,sapiens,Midi-Pyrénées,Anthropology,44 02 00 N,001 34 00 E,1863
05ff2255-c38a-40c9-b657-4ccb55ab2feb,2840541,193270,fd3f6eb475e6f929f972bf33dec770b638a7f10d,Specimen,1382631676000,Gabrielle Delbarre,https://www.nhm.ac.uk/services/media-store/asset/fd3f6eb475e6f929f972bf33dec770b638a7f10d/contents/preview,http://creativecommons.org/licenses/by/4.0/,jpeg,1455543270000,"The Trustees of the Natural History Museum, London",NHM-UK_PA_EM 4110_1_M_1,StillImage,1,Specimen,PA EM 4110,"Scapula. Fragment. Homo sapiens. Bruniquel Cave, France. Magdalenian period.","Quaternary, Pleistocene",Mammalia,PAL,Europe,France,1382093371000,44.033,1.567,"Homo sapiens Linnaeus, 1758",F de Lastic,Phanerozoic,Pleistocene,Cenozoic,Quaternary,Hominidae,1944428249,GEODETIC_DATUM_ASSUMED_WGS84,Homo,Animalia; Chordata; Vertebrata; Mammalia; Primates; Haplorrhini; Simiiformes; Hominoidea; Hominidae,Europe; France; Midi-Pyrénées; Tarn-et-Garonne,,NHMUK,Animalia,Phanerozoic,Pleistocene,Cenozoic,Quaternary,Subadult,"Bruniquel les Forges, Aveyron valley, Bruniquel les Forges, Aveyron valley",1541507966000,05f0a332-a283-41c8-932f-a4873be7fc74,Primates,NHMUK:ecatalogue:2840541,Chordata,F de Lastic,Excavation,"Homo sapiens Linnaeus, 1758","Linnaeus, 1758",,sapiens,Midi-Pyrénées,Anthropology,44 02 00 N,001 34 00 E,1863
05ff2255-c38a-40c9-b657-4ccb55ab2feb,2840511,193193 | 193195,432fb932eebdc604620e4c88087ee34eeb67df44 | 97745e881fb57de613056e2c1c5aee0184f98dbf,Specimen | Specimen,1382627353000 | 1382627425000,Gabrielle Delbarre,https://www.nhm.ac.uk/services/media-store/asset/432fb932eebdc604620e4c88087ee34eeb67df44/contents/preview | https://www.nhm.ac.uk/services/media-store/asset/97745e881fb57de613056e2c1c5aee0184f98dbf/contents/preview,http://creativecommons.org/licenses/by/4.0/ | http://creativecommons.org/licenses/by/4.0/,jpeg | jpeg,1455543269000 | 1455543269000,"The Trustees of the Natural History Museum, London | The Trustees of the Natural History Museum, London",NHM-UK_PA_EM 4100_1_M_1 | NHM-UK_PA_EM 4100_2_M_1,StillImage | StillImage,2,Specimen,PA EM 4100,"Vertebra. Homo sapiens. Bruniquel Cave, France. Magdalenian period.","Quaternary, Pleistocene",Mammalia,PAL,Europe,France,1382088238000,44.033,1.567,"Homo sapiens Linnaeus, 1758",F de Lastic,Phanerozoic,Pleistocene,Cenozoic,Quaternary,Hominidae,1944428247,GEODETIC_DATUM_ASSUMED_WGS84,Homo,Animalia; Chordata; Vertebrata; Mammalia; Primates; Haplorrhini; Simiiformes; Hominoidea; Hominidae,Europe; France; Midi-Pyrénées; Tarn-et-Garonne,,NHMUK,Animalia,Phanerozoic,Pleistocene,Cenozoic,Quaternary,,"Bruniquel les Forges, Aveyron valley, Bruniquel les Forges, Aveyron valley",1541507966000,4d85a0c1-44f6-4b1f-b4be-444640a0516b,Primates,NHMUK:ecatalogue:2840511,Chordata,F de Lastic,Excavation,"Homo sapiens Linnaeus, 1758","Linnaeus, 1758",,sapiens,Midi-Pyrénées,Anthropology,44 02 00 N,001 34 00 E,1863
05ff2255-c38a-40c9-b657-4ccb55ab2feb,2840504,193167,5ea5604ec4578787bbadbfcae18371740cbfb1be,Specimen,1382625952000,Gabrielle Delbarre,https://www.nhm.ac.uk/services/media-store/asset/5ea5604ec4578787bbadbfcae18371740cbfb1be/contents/preview,http://creativecommons.org/licenses/by/4.0/,jpeg,1455543269000,"The Trustees of the Natural History Museum, London",NHM-UK_PA_EM 4097_1_M_1,StillImage,1,Specimen,PA EM 4097,"Vertebra. Fragment. Homo sapiens. Bruniquel Cave, France. Magdalenian period.","Quaternary, Pleistocene",Mammalia,PAL,Europe,France,1382087316000,44.033,1.567,"Homo sapiens Linnaeus, 1758",F de Lastic,Phanerozoic,Pleistocene,Cenozoic,Quaternary,Hominidae,1944428251,GEODETIC_DATUM_ASSUMED_WGS84,Homo,Animalia; Chordata; Vertebrata; Mammalia; Primates; Haplorrhini; Simiiformes; Hominoidea; Hominidae,Europe; France; Midi-Pyrénées; Tarn-et-Garonne,,NHMUK,Animalia,Phanerozoic,Pleistocene,Cenozoic,Quaternary,,"Bruniquel les Forges, Aveyron valley, Bruniquel les Forges, Aveyron valley",1541507965000,6aeb7c8a-2199-4f1f-8fa2-d68dc5089891,Primates,NHMUK:ecatalogue:2840504,Chordata,F de Lastic,Excavation,"Homo sapiens Linnaeus, 1758","Linnaeus, 1758",,sapiens,Midi-Pyrénées,Anthropology,44 02 00 N,001 34 00 E,1863
05ff2255-c38a-40c9-b657-4ccb55ab2feb,2015632,,,,,,,,,,,,,,Specimen,PA EM 242,,"Quaternary, Pleistocene",,PAL,Europe,France,855100800000,44.933,1.017,Homo sapiens | Homo sapiens,Department of Zoology,Phanerozoic,Pleistocene,Cenozoic,Quaternary,,1056809368,GEODETIC_DATUM_ASSUMED_WGS84,,,Europe; France; Aquitaine; Dordogne,,NHMUK,,Phanerozoic,Pleistocene,Cenozoic,Quaternary,,"Les Eyzies de Tayac, Rock-shelter Cro-Magnon",1530800352000,7adaa8dd-3fe1-4074-b611-765d61b8fb68,,NHMUK:ecatalogue:2015632,,,,,,,,Aquitaine,Anthropology,44 56 00 N,001 01 00 E,
05ff2255-c38a-40c9-b657-4ccb55ab2feb,2015618,,,,,,,,,,,,,,Specimen,PA EM 241,,"Quaternary, Pleistocene",,PAL,Europe,France,855100800000,44.933,1.017,Homo sapiens | Homo sapiens,Department of Zoology,Phanerozoic,Pleistocene,Cenozoic,Quaternary,,1057535867,GEODETIC_DATUM_ASSUMED_WGS84,,,Europe; France; Aquitaine; Dordogne,,NHMUK,,Phanerozoic,Pleistocene,Cenozoic,Quaternary,,"Les Eyzies de Tayac, Rock-shelter Cro-Magnon",1530800351000,6342d985-b796-4696-b271-7634f77a0df6,,NHMUK:ecatalogue:2015618,,,,,,,,Aquitaine,Anthropology,44 56 00 N,001 01 00 E,
05ff2255-c38a-40c9-b657-4ccb55ab2feb,2840538,193268,e03e84ddb65ee960472353d0889366df11c5962c,Specimen,1382631603000,Gabrielle Delbarre,https://www.nhm.ac.uk/services/media-store/asset/e03e84ddb65ee960472353d0889366df11c5962c/contents/preview,http://creativecommons.org/licenses/by/4.0/,jpeg,1455543270000,"The Trustees of the Natural History Museum, London",NHM-UK_PA_EM 4109_1_M_1,StillImage,1,Specimen,PA EM 4109,"Hand. Right triquetal. Homo sapiens. Bruniquel Cave, France. Magdalenian period.","Quaternary, Pleistocene",Mammalia,PAL,Europe,France,1382093141000,44.033,1.567,"Homo sapiens Linnaeus, 1758",F de Lastic,Phanerozoic,Pleistocene,Cenozoic,Quaternary,Hominidae,1944428244,GEODETIC_DATUM_ASSUMED_WGS84,Homo,Animalia; Chordata; Vertebrata; Mammalia; Primates; Haplorrhini; Simiiformes; Hominoidea; Hominidae,Europe; France; Midi-Pyrénées; Tarn-et-Garonne,,NHMUK,Animalia,Phanerozoic,Pleistocene,Cenozoic,Quaternary,,"Bruniquel les Forges, Aveyron valley, Bruniquel les Forges, Aveyron valley",1541507966000,290d7eba-d868-44a3-a288-ec6d235c2789,Primates,NHMUK:ecatalogue:2840538,Chordata,F de Lastic,Excavation,"Homo sapiens Linnaeus, 1758","Linnaeus, 1758",,sapiens,Midi-Pyrénées,Anthropology,44 02 00 N,001 34 00 E,1863
05ff2255-c38a-40c9-b657-4ccb55ab2feb,2840536,193263,e2ef5193ff851c5bc340e46ff273db18dc375e58,Specimen,1382631311000,Gabrielle Delbarre,https://www.nhm.ac.uk/services/media-store/asset/e2ef5193ff851c5bc340e46ff273db18dc375e58/contents/preview,http://creativecommons.org/licenses/by/4.0/,jpeg,1455543269000,"The Trustees of the Natural History Museum, London",NHM-UK_PA_EM 4108_1_M_1,StillImage,1,Specimen,PA EM 4108,"Hand. Intermediate phalange. Homo sapiens. Bruniquel Cave, France. Magdalenian period.","Quaternary, Pleistocene",Mammalia,PAL,Europe,France,1382093053000,44.033,1.567,"Homo sapiens Linnaeus, 1758",F de Lastic,Phanerozoic,Pleistocene,Cenozoic,Quaternary,Hominidae,1944428246,GEODETIC_DATUM_ASSUMED_WGS84,Homo,Animalia; Chordata; Vertebrata; Mammalia; Primates; Haplorrhini; Simiiformes; Hominoidea; Hominidae,Europe; France; Midi-Pyrénées; Tarn-et-Garonne,,NHMUK,Animalia,Phanerozoic,Pleistocene,Cenozoic,Quaternary,,"Bruniquel les Forges, Aveyron valley, Bruniquel les Forges, Aveyron valley",1541507966000,f7875a1b-5004-4c9c-9f51-bbf8f161c2a9,Primates,NHMUK:ecatalogue:2840536,Chordata,F de Lastic,Excavation,"Homo sapiens Linnaeus, 1758","Linnaeus, 1758",,sapiens,Midi-Pyrénées,Anthropology,44 02 00 N,001 34 00 E,1863
05ff2255-c38a-40c9-b657-4ccb55ab2feb,2840513,193199 | 193201,1a9b680c903c1d21a5bfc3270c242e224eda918d | 2a7fd47eb521132f0bd6f9252adb5f559092fb29,Specimen | Specimen,1382627643000 | 1382627715000,Gabrielle Delbarre | Gabrielle Delbarre,https://www.nhm.ac.uk/services/media-store/asset/1a9b680c903c1d21a5bfc3270c242e224eda918d/contents/preview | https://www.nhm.ac.uk/services/media-store/asset/2a7fd47eb521132f0bd6f9252adb5f559092fb29/contents/preview,http://creativecommons.org/licenses/by/4.0/ | http://creativecommons.org/licenses/by/4.0/,jpeg | jpeg,1455543269000 | 1455543269000,"The Trustees of the Natural History Museum, London | The Trustees of the Natural History Museum, London",NHM-UK_PA_EM 4101_1_M_1 | NHM-UK_PA_EM 4101_2_M_1,StillImage | StillImage,2,Specimen,PA EM 4101,"Vertebra. Homo sapiens. Bruniquel Cave, France. Magdalenian period.","Quaternary, Pleistocene",Mammalia,PAL,Europe,France,1382088319000,44.033,1.567,"Homo sapiens Linnaeus, 1758",F de Lastic,Phanerozoic,Pleistocene,Cenozoic,Quaternary,Hominidae,1944428239,GEODETIC_DATUM_ASSUMED_WGS84,Homo,Animalia; Chordata; Vertebrata; Mammalia; Primates; Haplorrhini; Simiiformes; Hominoidea; Hominidae,Europe; France; Midi-Pyrénées; Tarn-et-Garonne,,NHMUK,Animalia,Phanerozoic,Pleistocene,Cenozoic,Quaternary,,"Bruniquel les Forges, Aveyron valley, Bruniquel les Forges, Aveyron valley",1541507966000,c0178281-e65f-48b4-bc37-f3d0f575a416,Primates,NHMUK:ecatalogue:2840513,Chordata,F de Lastic,Excavation,"Homo sapiens Linnaeus, 1758","Linnaeus, 1758",,sapiens,Midi-Pyrénées,Anthropology,44 02 00 N,001 34 00 E,1863
05ff2255-c38a-40c9-b657-4ccb55ab2feb,2840501,193166,0832dea92be5d91cc3d63c58f789433e21c7c16b,Specimen,1382625809000,Gabrielle Delbarre,https://www.nhm.ac.uk/services/media-store/asset/0832dea92be5d91cc3d63c58f789433e21c7c16b/contents/preview,http://creativecommons.org/licenses/by/4.0/,jpeg,1455543269000,"The Trustees of the Natural History Museum, London",NHM-UK_PA_EM 4096_1_M_1,StillImage,1,Specimen,PA EM 4096,"Hyoid fragment. Homo sapiens. Bruniquel Cave, France. Magdalenian period.","Quaternary, Pleistocene",Mammalia,PAL,Europe,France,1382087119000,44.033,1.567,"Homo sapiens Linnaeus, 1758",F de Lastic,Phanerozoic,Pleistocene,Cenozoic,Quaternary,Hominidae,1944428238,GEODETIC_DATUM_ASSUMED_WGS84,Homo,Animalia; Chordata; Vertebrata; Mammalia; Primates; Haplorrhini; Simiiformes; Hominoidea; Hominidae,Europe; France; Midi-Pyrénées; Tarn-et-Garonne,,NHMUK,Animalia,Phanerozoic,Pleistocene,Cenozoic,Quaternary,,"Bruniquel les Forges, Aveyron valley, Bruniquel les Forges, Aveyron valley",1541507965000,ccb51960-8439-4c0d-9b99-96964f6e2a90,Primates,NHMUK:ecatalogue:2840501,Chordata,F de Lastic,Excavation,"Homo sapiens Linnaeus, 1758","Linnaeus, 1758",,sapiens,Midi-Pyrénées,Anthropology,44 02 00 N,001 34 00 E,1863
05ff2255-c38a-40c9-b657-4ccb55ab2feb,2827366,,,,,,,,,,,,,,Specimen,PA EM 3977,Cast. Display support for PA EM 527,"Quaternary, Pleistocene",Mammalia,PAL,Europe,France,1380026554000,44.033,1.567,"Homo sapiens Linnaeus, 1758",,Phanerozoic,Pleistocene,Cenozoic,Quaternary,Hominidae,1944428228,GEODETIC_DATUM_ASSUMED_WGS84,Homo,Animalia; Chordata; Vertebrata; Mammalia; Primates; Haplorrhini; Simiiformes; Hominoidea; Hominidae,Europe; France; Midi-Pyrénées; Tarn-et-Garonne,,NHMUK,Animalia,Phanerozoic,Pleistocene,Cenozoic,Quaternary,,"Bruniquel les Forges, Aveyron valley, Bruniquel les Forges, Aveyron valley",1541507954000,bc535f9e-e688-4855-a5ec-ff6e0ae68266,Primates,NHMUK:ecatalogue:2827366,Chordata,,,"Homo sapiens Linnaeus, 1758","Linnaeus, 1758",,sapiens,Midi-Pyrénées,Anthropology,44 02 00 N,001 34 00 E,
05ff2255-c38a-40c9-b657-4ccb55ab2feb,2817557,184991 | 184992,1b6d2d99f308249ae954b064da7b9ed14a92a943 | d6909a1c55fe6ad9219162012af67cf1f4b115f6,Specimen | Specimen,1382110619000 | 1382110829000,Gabrielle Delbarre | Gabrielle Delbarre,https://www.nhm.ac.uk/services/media-store/asset/1b6d2d99f308249ae954b064da7b9ed14a92a943/contents/preview | https://www.nhm.ac.uk/services/media-store/asset/d6909a1c55fe6ad9219162012af67cf1f4b115f6/contents/preview,http://creativecommons.org/licenses/by/4.0/ | http://creativecommons.org/licenses/by/4.0/,jpeg | jpeg,1455543270000 | 1455543270000,"The Trustees of the Natural History Museum, London | The Trustees of the Natural History Museum, London",NHM-UK_PA_EM3973_1_M_1 | NHM-UK_PA_EM3973_2_M_1,StillImage | StillImage,2,Specimen,PA EM 3973,"Skull fragment. Homo sapiens. Bruniquel Cave, France. Magdalenian period.","Quaternary, Pleistocene",Mammalia,PAL,Europe,France,1377874870000,44.033,1.567,"Homo sapiens Linnaeus, 1758",F de Lastic,Phanerozoic,Pleistocene,Cenozoic,Quaternary,Hominidae,1944428225,GEODETIC_DATUM_ASSUMED_WGS84,Homo,Animalia; Chordata; Vertebrata; Mammalia; Primates; Haplorrhini; Simiiformes; Hominoidea; Hominidae,Europe; France; Midi-Pyrénées; Tarn-et-Garonne,,NHMUK,Animalia,Phanerozoic,Pleistocene,Cenozoic,Quaternary,Adult,"Bruniquel les Forges, Aveyron valley, Bruniquel les Forges, Aveyron valley",1541507954000,68cf2423-5468-465b-9ad7-9508090ae2b0,Primates,NHMUK:ecatalogue:2817557,Chordata,F de Lastic,Excavation,"Homo sapiens Linnaeus, 1758","Linnaeus, 1758",,sapiens,Midi-Pyrénées,Anthropology,44 02 00 N,001 34 00 E,1863
05ff2255-c38a-40c9-b657-4ccb55ab2feb,2845773,,,,,,,,,,,,,,Specimen,PA EM 4131,"Postcrania. Rib. Homo sapiens. Bruniquel Cave, France, Europe. Upper Palaeolithic. Magdalenian period.","Quaternary, Pleistocene",Mammalia,PAL,Europe,France,1383303570000,44.033,1.567,"Homo sapiens Linnaeus, 1758",F de Lastic,Phanerozoic,Pleistocene,Cenozoic,Quaternary,Hominidae,1944428269,GEODETIC_DATUM_ASSUMED_WGS84,Homo,Animalia; Chordata; Vertebrata; Mammalia; Primates; Haplorrhini; Simiiformes; Hominoidea; Hominidae,Europe; France; Midi-Pyrénées; Tarn-et-Garonne,,NHMUK,Animalia,Phanerozoic,Pleistocene,Cenozoic,Quaternary,,"Bruniquel les Forges, Aveyron valley, Bruniquel les Forges, Aveyron valley",1541507968000,a14b32f4-525d-40ac-9f8c-1a3271817b2c,Primates,NHMUK:ecatalogue:2845773,Chordata,F de Lastic,Excavation,"Homo sapiens Linnaeus, 1758","Linnaeus, 1758",,sapiens,Midi-Pyrénées,Anthropology,44 02 00 N,001 34 00 E,1863
05ff2255-c38a-40c9-b657-4ccb55ab2feb,2845736,,,,,,,,,,,,,,Specimen,PA EM 4129,"Postcrania. Rib. Homo sapiens. Bruniquel Cave, France, Europe. Upper Palaeolithic. Magdalenian period.","Quaternary, Pleistocene",Mammalia,PAL,Europe,France,1383303488000,44.033,1.567,"Homo sapiens Linnaeus, 1758",F de Lastic,Phanerozoic,Pleistocene,Cenozoic,Quaternary,Hominidae,1944428263,GEODETIC_DATUM_ASSUMED_WGS84,Homo,Animalia; Chordata; Vertebrata; Mammalia; Primates; Haplorrhini; Simiiformes; Hominoidea; Hominidae,Europe; France; Midi-Pyrénées; Tarn-et-Garonne,,NHMUK,Animalia,Phanerozoic,Pleistocene,Cenozoic,Quaternary,,"Bruniquel les Forges, Aveyron valley, Bruniquel les Forges, Aveyron valley",1541507968000,ccdfb896-3edf-49d8-b826-55d924f2719a,Primates,NHMUK:ecatalogue:2845736,Chordata,F de Lastic,Excavation,"Homo sapiens Linnaeus, 1758","Linnaeus, 1758",,sapiens,Midi-Pyrénées,Anthropology,44 02 00 N,001 34 00 E,1863
05ff2255-c38a-40c9-b657-4ccb55ab2feb,2665232,,,,,,,,,,,,,,Specimen,PA EM 3821,"Skull. Homo sapiens. Chatelperron, Allier, France. Upper Palaeolithic","Quaternary, Pleistocene",Mammalia,PAL,Europe,France,1360060847000,,,"Homo sapiens Linnaeus, 1758",Wellcome Trust,Phanerozoic,Pleistocene,Cenozoic,Quaternary,Hominidae,1944428097,,Homo,Animalia; Chordata; Vertebrata; Mammalia; Primates; Haplorrhini; Simiiformes; Hominoidea; Hominidae,Europe; France; Auvergne; Allier,"DOI: http://dx.doi.org/10.1017/S0261340900009899 (About DOI), Published online: 19 July 2011",NHMUK,Animalia,Phanerozoic,Pleistocene,Cenozoic,Quaternary,,"Chatelperron, Grotte des Fées Chatelperron. Allier, France",1541507942000,b7117fc7-8e36-438c-b349-c4f1ae793b6f,Primates,NHMUK:ecatalogue:2665232,Chordata,,,"Homo sapiens Linnaeus, 1758","Linnaeus, 1758",,sapiens,Auvergne,Anthropology,,,
05ff2255-c38a-40c9-b657-4ccb55ab2feb,2014955,,,,,,,,,,,,,,Specimen,PA EM 239,,"Quaternary, Pleistocene",,PAL,Europe,France,855100800000,44.933,1.017,Homo sapiens | Homo sapiens,Department of Zoology,Phanerozoic,Pleistocene,Cenozoic,Quaternary,,1056979663,GEODETIC_DATUM_ASSUMED_WGS84,,,Europe; France; Aquitaine; Dordogne,,NHMUK,,Phanerozoic,Pleistocene,Cenozoic,Quaternary,,"Les Eyzies de Tayac, Rock-shelter Cro-Magnon",1530800351000,ea511c32-4f20-4a00-97b5-eceed0f6a532,,NHMUK:ecatalogue:2014955,,,,,,,,Aquitaine,Anthropology,44 56 00 N,001 01 00 E,
05ff2255-c38a-40c9-b657-4ccb55ab2feb,2014971,391035 | 391037,4982a63c78689b484cc166e875356bde9b611280 | 19a4296d31ff969787fa4edaf3a0574f5c5a54cb,Label | Label,1393603164000 | 1393603214000,Gabrielle Delbarre | Gabrielle Delbarre,https://www.nhm.ac.uk/services/media-store/asset/4982a63c78689b484cc166e875356bde9b611280/contents/preview | https://www.nhm.ac.uk/services/media-store/asset/19a4296d31ff969787fa4edaf3a0574f5c5a54cb/contents/preview,http://creativecommons.org/licenses/by/4.0/ | http://creativecommons.org/licenses/by/4.0/,jpeg | jpeg,1454493438000 | 1454493438000,"The Trustees of the Natural History Museum, London | The Trustees of the Natural History Museum, London",PA EM 236 Original box cover label | PA EM 236 Original box label,StillImage | StillImage,2,Specimen,PA EM 236,,"Quaternary, Pleistocene",,PAL,Europe,France,855100800000,44.933,1.017,Homo sapiens | Homo sapiens,Department of Zoology,Phanerozoic,Pleistocene,Cenozoic,Quaternary,,1055951834,GEODETIC_DATUM_ASSUMED_WGS84,,,Europe; France; Aquitaine; Dordogne,,NHMUK,,Phanerozoic,Pleistocene,Cenozoic,Quaternary,,"Les Eyzies de Tayac, Rock-shelter Cro-Magnon",1530800351000,9d7cf62b-cc0d-4d93-b7ff-f0b2dd5475c5,,NHMUK:ecatalogue:2014971,,,,,,,,Aquitaine,Anthropology,44 56 00 N,001 01 00 E,
05ff2255-c38a-40c9-b657-4ccb55ab2feb,2921010,391073 | 391083,23e9a9afad0bcd3f2722173e79329e28cef9323d | 8501015500a52a4ecba5653d7bcd5e3d668e0976,Label | Label,1393604619000 | 1393604976000,Gabrielle Delbarre | Gabrielle Delbarre,https://www.nhm.ac.uk/services/media-store/asset/23e9a9afad0bcd3f2722173e79329e28cef9323d/contents/preview | https://www.nhm.ac.uk/services/media-store/asset/8501015500a52a4ecba5653d7bcd5e3d668e0976/contents/preview,http://creativecommons.org/licenses/by/4.0/ | http://creativecommons.org/licenses/by/4.0/,jpeg | jpeg,1454492443000 | 1454493439000,"The Trustees of the Natural History Museum, London | The Trustees of the Natural History Museum, London",PA EM 4139 Original box label | PA EM 4139 Original box cover label,StillImage | StillImage,2,Specimen,PA EM 4139,Cast. Cranium,"Quaternary, Pleistocene",Mammalia,PAL,Europe,France,1389101934000,44.933,1.017,"Homo sapiens Linnaeus, 1758",The Royal College of Surgeons of England,Phanerozoic,Pleistocene,Cenozoic,Quaternary,Hominidae,1913207611,GEODETIC_DATUM_ASSUMED_WGS84,Homo,Animalia; Chordata; Vertebrata; Mammalia; Primates; Haplorrhini; Simiiformes; Hominoidea; Hominidae,Europe; France; Aquitaine; Dordogne,,NHMUK,Animalia,Phanerozoic,,Cenozoic,Quaternary,Adult,"Les Eyzies de Tayac, Rock-shelter Cro-Magnon",1535976746000,55bd2e6c-c9a5-4c6e-a401-00ee014f4fe5,Primates,NHMUK:ecatalogue:2921010,Chordata,,,"Homo sapiens Linnaeus, 1758","Linnaeus, 1758",Male,sapiens,Aquitaine,Anthropology,44 56 00 N,001 01 00 E,
05ff2255-c38a-40c9-b657-4ccb55ab2feb,2817688,193154 | 193155,ecbeff2d9eda66354fec143ce199a5275ef79431 | 8a79dd80a6f24589e1bd533600cff324a20a596c,Specimen | Specimen,1382622925000 | 1382622970000,Gabrielle Delbarre | Gabrielle Delbarre,https://www.nhm.ac.uk/services/media-store/asset/ecbeff2d9eda66354fec143ce199a5275ef79431/contents/preview | https://www.nhm.ac.uk/services/media-store/asset/8a79dd80a6f24589e1bd533600cff324a20a596c/contents/preview,http://creativecommons.org/licenses/by/4.0/ | http://creativecommons.org/licenses/by/4.0/,jpeg | jpeg,1455543268000 | 1455543268000,"The Trustees of the Natural History Museum, London | The Trustees of the Natural History Museum, London",NHM-UK_PA_EM 3976_2_M_1 | NHM-UK_PA_EM 3976_1_M_1,StillImage | StillImage,2,Specimen,PA EM 3976,"Skull fragment. Homo sapiens. Bruniquel Cave, France. Magdalenian period.","Quaternary, Pleistocene",Mammalia,PAL,Europe,France,1377886161000,44.033,1.567,"Homo sapiens Linnaeus, 1758",F de Lastic,Phanerozoic,Pleistocene,Cenozoic,Quaternary,Hominidae,1944428224,GEODETIC_DATUM_ASSUMED_WGS84,Homo,Animalia; Chordata; Vertebrata; Mammalia; Primates; Haplorrhini; Simiiformes; Hominoidea; Hominidae,Europe; France; Midi-Pyrénées; Tarn-et-Garonne,,NHMUK,Animalia,Phanerozoic,Pleistocene,Cenozoic,Quaternary,,"Bruniquel les Forges, Aveyron valley, Bruniquel les Forges, Aveyron valley",1541507954000,a62ea15a-cc26-48ac-8964-55a7f879a4e9,Primates,NHMUK:ecatalogue:2817688,Chordata,F de Lastic,Excavation,"Homo sapiens Linnaeus, 1758","Linnaeus, 1758",,sapiens,Midi-Pyrénées,Anthropology,44 02 00 N,001 34 00 E,1863
05ff2255-c38a-40c9-b657-4ccb55ab2feb,2349818,391062 | 391064,0732b8fbf67a31d6dfedee436964b51150452cba | 27b388af5ded6184b1cdc6344ffa6ecd96a06799,Label | Label,1393604099000 | 1393604150000,Gabrielle Delbarre | Gabrielle Delbarre,https://www.nhm.ac.uk/services/media-store/asset/0732b8fbf67a31d6dfedee436964b51150452cba/contents/preview | https://www.nhm.ac.uk/services/media-store/asset/27b388af5ded6184b1cdc6344ffa6ecd96a06799/contents/preview,http://creativecommons.org/licenses/by/4.0/ | http://creativecommons.org/licenses/by/4.0/,jpeg | jpeg,1454492446000 | 1454492448000,"The Trustees of the Natural History Museum, London | The Trustees of the Natural History Museum, London",PA EM 1806 to PA EM 1809 Original box cover label | PA EM 1806 to PA EM 1809 Original box label,StillImage | StillImage,2,Specimen,PA EM 1809,Cast. Fibula,"Quaternary, Pleistocene",Mammalia,PAL,Europe,France,1329257946000,44.933,1.017,"Homo sapiens Linnaeus, 1758",J-L Heim,Phanerozoic,Pleistocene,Cenozoic,Quaternary,Hominidae,1913207399,GEODETIC_DATUM_ASSUMED_WGS84,Homo,Animalia; Chordata; Vertebrata; Mammalia; Primates; Haplorrhini; Simiiformes; Hominoidea; Hominidae,Europe; France; Aquitaine; Dordogne,,NHMUK,Animalia,Phanerozoic,,Cenozoic,Quaternary,Adult,"Les Eyzies de Tayac, Rock-shelter Cro-Magnon",1535976747000,a2cf793f-a367-41ec-8fc6-b166c8857307,Primates,NHMUK:ecatalogue:2349818,Chordata,,,"Homo sapiens Linnaeus, 1758","Linnaeus, 1758",Male,sapiens,Aquitaine,Anthropology,44 56 00 N,001 01 00 E,
05ff2255-c38a-40c9-b657-4ccb55ab2feb,2842728,390997 | 391000,7e74233dbcea88b2765e1bfcd219cf9367674c14 | 91ebb6f16e05612986a684373d73db3094f8e1da,Label | Label,1393601643000 | 1393601693000,Gabrielle Delbarre | Gabrielle Delbarre,https://www.nhm.ac.uk/services/media-store/asset/7e74233dbcea88b2765e1bfcd219cf9367674c14/contents/preview | https://www.nhm.ac.uk/services/media-store/asset/91ebb6f16e05612986a684373d73db3094f8e1da/contents/preview,http://creativecommons.org/licenses/by/4.0/ | http://creativecommons.org/licenses/by/4.0/,jpeg | jpeg,1455705067000 | 1455705067000,"The Trustees of the Natural History Museum, London | The Trustees of the Natural History Museum, London",PA EM 4116 Original box cover inscription | PA EM 4116 Original box inscription,StillImage | StillImage,2,Specimen,PA EM 4116,Cast. Calvaria,"Quaternary, Pleistocene",Mammalia,PAL,Europe,France,1382717543000,,,"Homo sapiens Linnaeus, 1758",Wellcome Trust,Phanerozoic,Pleistocene,Cenozoic,Quaternary,Hominidae,1913207608,,Homo,Animalia; Chordata; Vertebrata; Mammalia; Primates; Haplorrhini; Simiiformes; Hominoidea; Hominidae,Europe; France; Auvergne; Allier,"DOI: http://dx.doi.org/10.1017/S0261340900009899 (About DOI), Published online: 19 July 2011",NHMUK,Animalia,Phanerozoic,Pleistocene,Cenozoic,Quaternary,,"Chatelperron, Grotte des Fées Chatelperron. Allier, France",1535976723000,06212ade-d702-4185-99a7-334592638d4f,Primates,NHMUK:ecatalogue:2842728,Chordata,,,"Homo sapiens Linnaeus, 1758","Linnaeus, 1758",,sapiens,Auvergne,Anthropology,,,
05ff2255-c38a-40c9-b657-4ccb55ab2feb,2827577,193156 | 193157,573873e9086e81b14c2245dea79b42808fc49d5d | 9c26045c99500b2ca176ad74966895ef393119af,Specimen | Specimen,1382623142000 | 1382623194000,Gabrielle Delbarre | Gabrielle Delbarre,https://www.nhm.ac.uk/services/media-store/asset/573873e9086e81b14c2245dea79b42808fc49d5d/contents/preview | https://www.nhm.ac.uk/services/media-store/asset/9c26045c99500b2ca176ad74966895ef393119af/contents/preview,http://creativecommons.org/licenses/by/4.0/ | http://creativecommons.org/licenses/by/4.0/,jpeg | jpeg,1455543269000 | 1455543269000,"The Trustees of the Natural History Museum, London | The Trustees of the Natural History Museum, London",NHM-UK_PA_EM 3979_2_M_1 | NHM-UK_PA_EM 3979_1_M_1,StillImage | StillImage,2,Specimen,PA EM 3979,"Skull. Homo sapiens. Bruniquel Cave, France. Magdalenian period.","Quaternary, Pleistocene",Mammalia,PAL,Europe,France,1380125967000,44.033,1.567,"Homo sapiens Linnaeus, 1758",F de Lastic,Phanerozoic,Pleistocene,Cenozoic,Quaternary,Hominidae,1944428235,GEODETIC_DATUM_ASSUMED_WGS84,Homo,Animalia; Chordata; Vertebrata; Mammalia; Primates; Haplorrhini; Simiiformes; Hominoidea; Hominidae,Europe; France; Midi-Pyrénées; Tarn-et-Garonne,,NHMUK,Animalia,Phanerozoic,Pleistocene,Cenozoic,Quaternary,,"Bruniquel les Forges, Aveyron valley, Bruniquel les Forges, Aveyron valley",1541507955000,eedd37fb-e5c3-4e3d-ab10-ad32e0fcf7ab,Primates,NHMUK:ecatalogue:2827577,Chordata,F de Lastic,Excavation,"Homo sapiens Linnaeus, 1758","Linnaeus, 1758",,sapiens,Midi-Pyrénées,Anthropology,44 02 00 N,001 34 00 E,1863
05ff2255-c38a-40c9-b657-4ccb55ab2feb,2817687,174676 | 174677,06e45f9ca8d4650197a85680abab086079f885b8 | 5c169308422d5c59a4a8cc09f334c3af7d75ef4a,Specimen | Specimen,1379521685000 | 1379521768000,Gabrielle Delbarre | Gabrielle Delbarre,https://www.nhm.ac.uk/services/media-store/asset/06e45f9ca8d4650197a85680abab086079f885b8/contents/preview | https://www.nhm.ac.uk/services/media-store/asset/5c169308422d5c59a4a8cc09f334c3af7d75ef4a/contents/preview,http://creativecommons.org/licenses/by/4.0/ | http://creativecommons.org/licenses/by/4.0/,jpeg | jpeg,1455543270000 | 1455543270000,"The Trustees of the Natural History Museum, London | The Trustees of the Natural History Museum, London",NHM-UK_PA_EM3975_1_M_1.jpg | NHM-UK_PA_EM3975_2_M_1.jpg,StillImage | StillImage,2,Specimen,PA EM 3975,"Skull. Homo sapiens. Bruniquel Cave, France. Magdalenian period.","Quaternary, Pleistocene",Mammalia,PAL,Europe,France,1377885835000,44.033,1.567,"Homo sapiens Linnaeus, 1758",F de Lastic,Phanerozoic,Pleistocene,Cenozoic,Quaternary,Hominidae,1944428227,GEODETIC_DATUM_ASSUMED_WGS84,Homo,Animalia; Chordata; Vertebrata; Mammalia; Primates; Haplorrhini; Simiiformes; Hominoidea; Hominidae,Europe; France; Midi-Pyrénées; Tarn-et-Garonne,,NHMUK,Animalia,Phanerozoic,Pleistocene,Cenozoic,Quaternary,Adult,"Bruniquel les Forges, Aveyron valley, Bruniquel les Forges, Aveyron valley",1541507954000,118b8760-f1b4-4e4e-8912-5632cc12d72e,Primates,NHMUK:ecatalogue:2817687,Chordata,F de Lastic,Excavation,"Homo sapiens Linnaeus, 1758","Linnaeus, 1758",,sapiens,Midi-Pyrénées,Anthropology,44 02 00 N,001 34 00 E,1863
05ff2255-c38a-40c9-b657-4ccb55ab2feb,2827582,193160 | 193161,d0a2c2e19d2bafa7201abfc766667095a77cb0c9 | f3ac55d94df63efba2463b18ca1c0899c7e2d856,Specimen | Specimen,1382624134000 | 1382625193000,Gabrielle Delbarre | Gabrielle Delbarre,https://www.nhm.ac.uk/services/media-store/asset/d0a2c2e19d2bafa7201abfc766667095a77cb0c9/contents/preview | https://www.nhm.ac.uk/services/media-store/asset/f3ac55d94df63efba2463b18ca1c0899c7e2d856/contents/preview,http://creativecommons.org/licenses/by/4.0/ | http://creativecommons.org/licenses/by/4.0/,jpeg | jpeg,1455543269000 | 1455543269000,"The Trustees of the Natural History Museum, London | The Trustees of the Natural History Museum, London",NHM-UK_PA_EM 3982_2_M_1 | NHM-UK_PA_EM 3982_1_M_1,StillImage | StillImage,2,Specimen,PA EM 3982,"Skull fragment. Homo sapiens. Bruniquel Cave, France. Magdalenian period.","Quaternary, Pleistocene",Mammalia,PAL,Europe,France,1380127192000,44.033,1.567,"Homo sapiens Linnaeus, 1758",F de Lastic,Phanerozoic,Pleistocene,Cenozoic,Quaternary,Hominidae,1944428230,GEODETIC_DATUM_ASSUMED_WGS84,Homo,Animalia; Chordata; Vertebrata; Mammalia; Primates; Haplorrhini; Simiiformes; Hominoidea; Hominidae,Europe; France; Midi-Pyrénées; Tarn-et-Garonne,,NHMUK,Animalia,Phanerozoic,Pleistocene,Cenozoic,Quaternary,,"Bruniquel les Forges, Aveyron valley, Bruniquel les Forges, Aveyron valley",1541507955000,c5d8a8fd-6aae-4ab7-b360-4c609af18573,Primates,NHMUK:ecatalogue:2827582,Chordata,F de Lastic,Excavation,"Homo sapiens Linnaeus, 1758","Linnaeus, 1758",,sapiens,Midi-Pyrénées,Anthropology,44 02 00 N,001 34 00 E,1863
05ff2255-c38a-40c9-b657-4ccb55ab2feb,2827578,193158,92c6be31dd5435cf272d90cd4faeb57f67760af2,Specimen,1382623869000,Gabrielle Delbarre,https://www.nhm.ac.uk/services/media-store/asset/92c6be31dd5435cf272d90cd4faeb57f67760af2/contents/preview,http://creativecommons.org/licenses/by/4.0/,jpeg,1455543269000,"The Trustees of the Natural History Museum, London",NHM-UK_PA_EM 3980_1_M_1,StillImage,1,Specimen,PA EM 3980,"Skull fragment. Homo sapiens. Bruniquel Cave, France. Magdalenian period.","Quaternary, Pleistocene",Mammalia,PAL,Europe,France,1380126331000,44.033,1.567,"Homo sapiens Linnaeus, 1758",F de Lastic,Phanerozoic,Pleistocene,Cenozoic,Quaternary,Hominidae,1944428232,GEODETIC_DATUM_ASSUMED_WGS84,Homo,Animalia; Chordata; Vertebrata; Mammalia; Primates; Haplorrhini; Simiiformes; Hominoidea; Hominidae,Europe; France; Midi-Pyrénées; Tarn-et-Garonne,,NHMUK,Animalia,Phanerozoic,Pleistocene,Cenozoic,Quaternary,,"Bruniquel les Forges, Aveyron valley, Bruniquel les Forges, Aveyron valley",1541507955000,3e51b177-1a52-4c85-bb24-ae2289d7c19a,Primates,NHMUK:ecatalogue:2827578,Chordata,F de Lastic,Excavation,"Homo sapiens Linnaeus, 1758","Linnaeus, 1758",,sapiens,Midi-Pyrénées,Anthropology,44 02 00 N,001 34 00 E,1863
05ff2255-c38a-40c9-b657-4ccb55ab2feb,2844340,,,,,,,,,,,,,,Specimen,PA EM 4120,"Dentition. Homo sapiens. Bruniquel Cave, France, Europe. Upper Palaeolithic. Magdalenian period.","Quaternary, Pleistocene",Mammalia,PAL,Europe,France,1383235877000,44.033,1.567,"Homo sapiens Linnaeus, 1758",F de Lastic,Phanerozoic,Pleistocene,Cenozoic,Quaternary,Hominidae,1944428256,GEODETIC_DATUM_ASSUMED_WGS84,Homo,Animalia; Chordata; Vertebrata; Mammalia; Primates; Haplorrhini; Simiiformes; Hominoidea; Hominidae,Europe; France; Midi-Pyrénées; Tarn-et-Garonne,,NHMUK,Animalia,Phanerozoic,Pleistocene,Cenozoic,Quaternary,,"Bruniquel les Forges, Aveyron valley, Bruniquel les Forges, Aveyron valley",1541507967000,1c807aa7-36fc-445e-be84-accbd4c29a98,Primates,NHMUK:ecatalogue:2844340,Chordata,F de Lastic,Excavation,"Homo sapiens Linnaeus, 1758","Linnaeus, 1758",,sapiens,Midi-Pyrénées,Anthropology,44 02 00 N,001 34 00 E,1863
05ff2255-c38a-40c9-b657-4ccb55ab2feb,2844326,,,,,,,,,,,,,,Specimen,PA EM 4118,"Postcrania. Homo sapiens. Bruniquel Cave, France, Europe. Upper Palaeolithic. Magdalenian period.","Quaternary, Pleistocene",Mammalia,PAL,Europe,France,1383233707000,44.033,1.567,"Homo sapiens Linnaeus, 1758",F de Lastic,Phanerozoic,Pleistocene,Cenozoic,Quaternary,Hominidae,1944428255,GEODETIC_DATUM_ASSUMED_WGS84,Homo,Animalia; Chordata; Vertebrata; Mammalia; Primates; Haplorrhini; Simiiformes; Hominoidea; Hominidae,Europe; France; Midi-Pyrénées; Tarn-et-Garonne,,NHMUK,Animalia,Phanerozoic,Pleistocene,Cenozoic,Quaternary,,"Bruniquel les Forges, Aveyron valley, Bruniquel les Forges, Aveyron valley",1541507967000,ae00969a-8fb8-4ba7-9c6f-71c0e650e4a0,Primates,NHMUK:ecatalogue:2844326,Chordata,F de Lastic,Excavation,"Homo sapiens Linnaeus, 1758","Linnaeus, 1758",,sapiens,Midi-Pyrénées,Anthropology,44 02 00 N,001 34 00 E,1863
05ff2255-c38a-40c9-b657-4ccb55ab2feb,2840532,193256,adffaacaf8f2d72ea703fd6ffb4f65139c28eff1,Specimen,1382631042000,Gabrielle Delbarre,https://www.nhm.ac.uk/services/media-store/asset/adffaacaf8f2d72ea703fd6ffb4f65139c28eff1/contents/preview,http://creativecommons.org/licenses/by/4.0/,jpeg,1455543269000,"The Trustees of the Natural History Museum, London",NHM-UK_PA_EM 4105_1_M_1,StillImage,1,Specimen,PA EM 4105,"Hand. Proximal phalange. Homo sapiens. Bruniquel Cave, France. Magdalenian period.","Quaternary, Pleistocene",Mammalia,PAL,Europe,France,1382092863000,44.033,1.567,"Homo sapiens Linnaeus, 1758",F de Lastic,Phanerozoic,Pleistocene,Cenozoic,Quaternary,Hominidae,1944428248,GEODETIC_DATUM_ASSUMED_WGS84,Homo,Animalia; Chordata; Vertebrata; Mammalia; Primates; Haplorrhini; Simiiformes; Hominoidea; Hominidae,Europe; France; Midi-Pyrénées; Tarn-et-Garonne,,NHMUK,Animalia,Phanerozoic,Pleistocene,Cenozoic,Quaternary,,"Bruniquel les Forges, Aveyron valley, Bruniquel les Forges, Aveyron valley",1541507966000,e5fe2872-b74f-41d6-8fd4-1669d365d6d7,Primates,NHMUK:ecatalogue:2840532,Chordata,F de Lastic,Excavation,"Homo sapiens Linnaeus, 1758","Linnaeus, 1758",,sapiens,Midi-Pyrénées,Anthropology,44 02 00 N,001 34 00 E,1863
05ff2255-c38a-40c9-b657-4ccb55ab2feb,2840527,193208,01e701580605622ae92fa162eb2e83c77f1da8ba,Specimen,1382628035000,Gabrielle Delbarre,https://www.nhm.ac.uk/services/media-store/asset/01e701580605622ae92fa162eb2e83c77f1da8ba/contents/preview,http://creativecommons.org/licenses/by/4.0/,jpeg,1455543269000,"The Trustees of the Natural History Museum, London",NHM-UK_PA_EM 4103_1_M_1,StillImage,1,Specimen,PA EM 4103,"Hand. Proximal phalange. Homo sapiens. Bruniquel Cave, France. Magdalenian period.","Quaternary, Pleistocene",Mammalia,PAL,Europe,France,1382092424000,44.033,1.567,"Homo sapiens Linnaeus, 1758",F de Lastic,Phanerozoic,Pleistocene,Cenozoic,Quaternary,Hominidae,1944428243,GEODETIC_DATUM_ASSUMED_WGS84,Homo,Animalia; Chordata; Vertebrata; Mammalia; Primates; Haplorrhini; Simiiformes; Hominoidea; Hominidae,Europe; France; Midi-Pyrénées; Tarn-et-Garonne,,NHMUK,Animalia,Phanerozoic,Pleistocene,Cenozoic,Quaternary,,"Bruniquel les Forges, Aveyron valley, Bruniquel les Forges, Aveyron valley",1541507966000,eeb23e8c-98c7-46ad-8f99-9a3c5851be03,Primates,NHMUK:ecatalogue:2840527,Chordata,F de Lastic,Excavation,"Homo sapiens Linnaeus, 1758","Linnaeus, 1758",,sapiens,Midi-Pyrénées,Anthropology,44 02 00 N,001 34 00 E,1863
05ff2255-c38a-40c9-b657-4ccb55ab2feb,2817001,165309 | 165310,62032b54750e19be213245cff1102da108504d86 | 3664e504faaabeb84697687b2e7990cfbafe974a,Specimen | Specimen,1377873791000 | 1377874134000,Gabrielle Delbarre | Gabrielle Delbarre,https://www.nhm.ac.uk/services/media-store/asset/62032b54750e19be213245cff1102da108504d86/contents/preview | https://www.nhm.ac.uk/services/media-store/asset/3664e504faaabeb84697687b2e7990cfbafe974a/contents/preview,http://creativecommons.org/licenses/by/4.0/ | http://creativecommons.org/licenses/by/4.0/,jpeg | jpeg,1455615135000 | 1455543270000,"The Trustees of the Natural History Museum, London | The Trustees of the Natural History Museum, London",NHM_UK_PAEM3971_1_M_1 | NHM-UK_PA_EM3971_2_M_1,StillImage | StillImage,2,Specimen,PA EM 3971,"Skull. Homo sapiens. Bruniquel Cave, France. Magdalenian period.","Quaternary, Pleistocene",Mammalia,PAL,Europe,France,1377861818000,44.033,1.567,"Homo sapiens Linnaeus, 1758",F de Lastic,Phanerozoic,Pleistocene,Cenozoic,Quaternary,Hominidae,1944428222,GEODETIC_DATUM_ASSUMED_WGS84,Homo,Animalia; Chordata; Vertebrata; Mammalia; Primates; Haplorrhini; Simiiformes; Hominoidea; Hominidae,Europe; France; Midi-Pyrénées; Tarn-et-Garonne,,NHMUK,Animalia,Phanerozoic,Pleistocene,Cenozoic,Quaternary,Adult,"Bruniquel les Forges, Aveyron valley, Bruniquel les Forges, Aveyron valley",1541507954000,600d8eea-f763-4f8e-a7fb-21c73f85fcb0,Primates,NHMUK:ecatalogue:2817001,Chordata,F de Lastic,Excavation,"Homo sapiens Linnaeus, 1758","Linnaeus, 1758",,sapiens,Midi-Pyrénées,Anthropology,44 02 00 N,001 34 00 E,1863
05ff2255-c38a-40c9-b657-4ccb55ab2feb,2845711,,,,,,,,,,,,,,Specimen,PA EM 4128,"Postcrania. Rib. Homo sapiens. Bruniquel Cave, France, Europe. Upper Palaeolithic. Magdalenian period.","Quaternary, Pleistocene",Mammalia,PAL,Europe,France,1383303438000,44.033,1.567,"Homo sapiens Linnaeus, 1758",F de Lastic,Phanerozoic,Pleistocene,Cenozoic,Quaternary,Hominidae,1944428261,GEODETIC_DATUM_ASSUMED_WGS84,Homo,Animalia; Chordata; Vertebrata; Mammalia; Primates; Haplorrhini; Simiiformes; Hominoidea; Hominidae,Europe; France; Midi-Pyrénées; Tarn-et-Garonne,,NHMUK,Animalia,Phanerozoic,Pleistocene,Cenozoic,Quaternary,,"Bruniquel les Forges, Aveyron valley, Bruniquel les Forges, Aveyron valley",1541507968000,2d3254f2-e423-4e3e-b997-e51967f65827,Primates,NHMUK:ecatalogue:2845711,Chordata,F de Lastic,Excavation,"Homo sapiens Linnaeus, 1758","Linnaeus, 1758",,sapiens,Midi-Pyrénées,Anthropology,44 02 00 N,001 34 00 E,1863
05ff2255-c38a-40c9-b657-4ccb55ab2feb,2827587,193164 | 193165,1ac3483d4fa81dcd6f474159b803f9f79a501350 | 525bd8f0031d3ab59a5dad68a8e58fa3986ee61a,Specimen | Specimen,1382625504000 | 1382625550000,Gabrielle Delbarre | Gabrielle Delbarre,https://www.nhm.ac.uk/services/media-store/asset/1ac3483d4fa81dcd6f474159b803f9f79a501350/contents/preview | https://www.nhm.ac.uk/services/media-store/asset/525bd8f0031d3ab59a5dad68a8e58fa3986ee61a/contents/preview,http://creativecommons.org/licenses/by/4.0/ | http://creativecommons.org/licenses/by/4.0/,jpeg | jpeg,1455543269000 | 1455543269000,"The Trustees of the Natural History Museum, London | The Trustees of the Natural History Museum, London",NHM-UK_PA_EM 3984_2_M_1 | NHM-UK_PA_EM 3984_1_M_1,StillImage | StillImage,2,Specimen,PA EM 3984,"Skull fragment. Homo sapiens. Bruniquel Cave, France. Magdalenian period.","Quaternary, Pleistocene",Mammalia,PAL,Europe,France,1380127745000,44.033,1.567,"Homo sapiens Linnaeus, 1758",F de Lastic,Phanerozoic,Pleistocene,Cenozoic,Quaternary,Hominidae,1944428231,GEODETIC_DATUM_ASSUMED_WGS84,Homo,Animalia; Chordata; Vertebrata; Mammalia; Primates; Haplorrhini; Simiiformes; Hominoidea; Hominidae,Europe; France; Midi-Pyrénées; Tarn-et-Garonne,,NHMUK,Animalia,Phanerozoic,Pleistocene,Cenozoic,Quaternary,,"Bruniquel les Forges, Aveyron valley, Bruniquel les Forges, Aveyron valley",1541507955000,4bea881d-a722-4389-acb1-6898b28d61d7,Primates,NHMUK:ecatalogue:2827587,Chordata,F de Lastic,Excavation,"Homo sapiens Linnaeus, 1758","Linnaeus, 1758",,sapiens,Midi-Pyrénées,Anthropology,44 02 00 N,001 34 00 E,1863
05ff2255-c38a-40c9-b657-4ccb55ab2feb,2827586,193162 | 193163,4d758971dd55412e4e7b2841db21f66ce0a2bc4c | 1d03bd174a28fae6a99ab196753e337b9788c1c3,Specimen | Specimen,1382625287000 | 1382625419000,Gabrielle Delbarre | Gabrielle Delbarre,https://www.nhm.ac.uk/services/media-store/asset/4d758971dd55412e4e7b2841db21f66ce0a2bc4c/contents/preview | https://www.nhm.ac.uk/services/media-store/asset/1d03bd174a28fae6a99ab196753e337b9788c1c3/contents/preview,http://creativecommons.org/licenses/by/4.0/ | http://creativecommons.org/licenses/by/4.0/,jpeg | jpeg,1455543269000 | 1455543269000,"The Trustees of the Natural History Museum, London | The Trustees of the Natural History Museum, London",NHM-UK_PA_EM 3983_2_M_1 | NHM-UK_PA_EM 3983_1_M_1,StillImage | StillImage,2,Specimen,PA EM 3983,"Skull fragment. Homo sapiens. Bruniquel Cave, France. Magdalenian period.","Quaternary, Pleistocene",Mammalia,PAL,Europe,France,1380127496000,44.033,1.567,"Homo sapiens Linnaeus, 1758",F de Lastic,Phanerozoic,Pleistocene,Cenozoic,Quaternary,Hominidae,1944428229,GEODETIC_DATUM_ASSUMED_WGS84,Homo,Animalia; Chordata; Vertebrata; Mammalia; Primates; Haplorrhini; Simiiformes; Hominoidea; Hominidae,Europe; France; Midi-Pyrénées; Tarn-et-Garonne,,NHMUK,Animalia,Phanerozoic,Pleistocene,Cenozoic,Quaternary,,"Bruniquel les Forges, Aveyron valley, Bruniquel les Forges, Aveyron valley",1541507955000,18d0d0d5-daac-4fa3-99fd-7a1f54cb01ec,Primates,NHMUK:ecatalogue:2827586,Chordata,F de Lastic,Excavation,"Homo sapiens Linnaeus, 1758","Linnaeus, 1758",,sapiens,Midi-Pyrénées,Anthropology,44 02 00 N,001 34 00 E,1863
05ff2255-c38a-40c9-b657-4ccb55ab2feb,2349816,391062 | 391064,0732b8fbf67a31d6dfedee436964b51150452cba | 27b388af5ded6184b1cdc6344ffa6ecd96a06799,Label | Label,1393604099000 | 1393604150000,Gabrielle Delbarre | Gabrielle Delbarre,https://www.nhm.ac.uk/services/media-store/asset/0732b8fbf67a31d6dfedee436964b51150452cba/contents/preview | https://www.nhm.ac.uk/services/media-store/asset/27b388af5ded6184b1cdc6344ffa6ecd96a06799/contents/preview,http://creativecommons.org/licenses/by/4.0/ | http://creativecommons.org/licenses/by/4.0/,jpeg | jpeg,1454492446000 | 1454492448000,"The Trustees of the Natural History Museum, London | The Trustees of the Natural History Museum, London",PA EM 1806 to PA EM 1809 Original box cover label | PA EM 1806 to PA EM 1809 Original box label,StillImage | StillImage,2,Specimen,PA EM 1807,Cast of diaphysis of tibia,"Quaternary, Pleistocene",Mammalia,PAL,Europe,France,1329252134000,44.933,1.017,"Homo sapiens Linnaeus, 1758",J-L Heim,Phanerozoic,Pleistocene,Cenozoic,Quaternary,Hominidae,1913207400,GEODETIC_DATUM_ASSUMED_WGS84,Homo,Animalia; Chordata; Vertebrata; Mammalia; Primates; Haplorrhini; Simiiformes; Hominoidea; Hominidae,Europe; France; Aquitaine; Dordogne,,NHMUK,Animalia,Phanerozoic,,Cenozoic,Quaternary,Adult,"Les Eyzies de Tayac, Rock-shelter Cro-Magnon",1535976747000,e441d55a-1055-4248-bcbe-6778a88a28ee,Primates,NHMUK:ecatalogue:2349816,Chordata,,,"Homo sapiens Linnaeus, 1758","Linnaeus, 1758",Male,sapiens,Aquitaine,Anthropology,44 56 00 N,001 01 00 E,
05ff2255-c38a-40c9-b657-4ccb55ab2feb,2349549,391040,45eeae89ef1b6a60ec58d5af4cd7201035ee9a15,Label,1393603329000,Gabrielle Delbarre,https://www.nhm.ac.uk/services/media-store/asset/45eeae89ef1b6a60ec58d5af4cd7201035ee9a15/contents/preview,http://creativecommons.org/licenses/by/4.0/,jpeg,1455705026000,"The Trustees of the Natural History Museum, London",PA EM 1794 Original box inscription,StillImage,1,Specimen,PA EM 1794,Cast. Mandible,"Quaternary, Pleistocene",Mammalia,PAL,Europe,France,1329225367000,44.933,1.017,"Homo sapiens Linnaeus, 1758","Musée de L'Homme, Paris",Phanerozoic,Pleistocene,Cenozoic,Quaternary,Hominidae,1913207394,GEODETIC_DATUM_ASSUMED_WGS84,Homo,Animalia; Chordata; Vertebrata; Mammalia; Primates; Haplorrhini; Simiiformes; Hominoidea; Hominidae,Europe; France; Aquitaine; Dordogne,"Catalogue of Fossil Hominids, Part II, pp.104-5, (1971).",NHMUK,Animalia,Phanerozoic,,Cenozoic,Quaternary,Adult,"Les Eyzies de Tayac, Rock-shelter Cro-Magnon",1535976747000,298d9570-6d1f-4afe-9d64-fc73a755c004,Primates,NHMUK:ecatalogue:2349549,Chordata,,,"Homo sapiens Linnaeus, 1758","Linnaeus, 1758",Male,sapiens,Aquitaine,Anthropology,44 56 00 N,001 01 00 E,
05ff2255-c38a-40c9-b657-4ccb55ab2feb,2349815,391062 | 391064,0732b8fbf67a31d6dfedee436964b51150452cba | 27b388af5ded6184b1cdc6344ffa6ecd96a06799,Label | Label,1393604099000 | 1393604150000,Gabrielle Delbarre | Gabrielle Delbarre,https://www.nhm.ac.uk/services/media-store/asset/0732b8fbf67a31d6dfedee436964b51150452cba/contents/preview | https://www.nhm.ac.uk/services/media-store/asset/27b388af5ded6184b1cdc6344ffa6ecd96a06799/contents/preview,http://creativecommons.org/licenses/by/4.0/ | http://creativecommons.org/licenses/by/4.0/,jpeg | jpeg,1454492446000 | 1454492448000,"The Trustees of the Natural History Museum, London | The Trustees of the Natural History Museum, London",PA EM 1806 to PA EM 1809 Original box cover label | PA EM 1806 to PA EM 1809 Original box label,StillImage | StillImage,2,Specimen,PA EM 1806,Cast of diaphysis of femur,"Quaternary, Pleistocene",Mammalia,PAL,Europe,France,1329251628000,44.933,1.017,"Homo sapiens Linnaeus, 1758",J-L Heim,Phanerozoic,Pleistocene,Cenozoic,Quaternary,Hominidae,1913207397,GEODETIC_DATUM_ASSUMED_WGS84,Homo,Animalia; Chordata; Vertebrata; Mammalia; Primates; Haplorrhini; Simiiformes; Hominoidea; Hominidae,Europe; France; Aquitaine; Dordogne,,NHMUK,Animalia,Phanerozoic,,Cenozoic,Quaternary,Adult,"Les Eyzies de Tayac, Rock-shelter Cro-Magnon",1535976747000,da4fc21b-1dc0-4a9d-8cea-20dadcaee5b5,Primates,NHMUK:ecatalogue:2349815,Chordata,,,"Homo sapiens Linnaeus, 1758","Linnaeus, 1758",Male,sapiens,Aquitaine,Anthropology,44 56 00 N,001 01 00 E,
05ff2255-c38a-40c9-b657-4ccb55ab2feb,2015605,,,,,,,,,,,,,,Specimen,PA EM 321,,"Quaternary, Pleistocene",,PAL,Europe,France,856483200000,45.683,0.350,Homo sapiens | Homo sapiens,,Phanerozoic,Pleistocene,Cenozoic,Quaternary,,1056642020,GEODETIC_DATUM_ASSUMED_WGS84,,,Europe; France; Poitou-Charentes; Charente,,NHMUK,,Phanerozoic,Pleistocene,Cenozoic,Quaternary,,"Fontéchevade, Fontéchevade",1530800337000,ab315d63-204d-402f-93fe-55c38a5ebc03,,NHMUK:ecatalogue:2015605,,,,,,,,Poitou-Charentes,Anthropology,45 41 00 N,000 21 00 E,
05ff2255-c38a-40c9-b657-4ccb55ab2feb,2349735,391056 | 391059,b680b227a75c5bab914a189e2c999934931ddff1 | 610061b53127d0ba4afe0c7196fbd75960cae6c1,Label | Label,1393603945000 | 1393603995000,Gabrielle Delbarre | Gabrielle Delbarre,https://www.nhm.ac.uk/services/media-store/asset/b680b227a75c5bab914a189e2c999934931ddff1/contents/preview | https://www.nhm.ac.uk/services/media-store/asset/610061b53127d0ba4afe0c7196fbd75960cae6c1/contents/preview,http://creativecommons.org/licenses/by/4.0/ | http://creativecommons.org/licenses/by/4.0/,jpeg | jpeg,1454493438000 | 1454492444000,"The Trustees of the Natural History Museum, London | The Trustees of the Natural History Museum, London",PA EM 1797 Original box cover label | PA EM 1797 Original box label,StillImage | StillImage,2,Specimen,PA EM 1797,Cast. Calotte,"Quaternary, Pleistocene",Mammalia,PAL,Europe,France,1329236454000,44.933,1.017,"Homo sapiens Linnaeus, 1758","Musée de L'Homme, Paris",Phanerozoic,Pleistocene,Cenozoic,Quaternary,Hominidae,1913207398,GEODETIC_DATUM_ASSUMED_WGS84,Homo,Animalia; Chordata; Vertebrata; Mammalia; Primates; Haplorrhini; Simiiformes; Hominoidea; Hominidae,Europe; France; Aquitaine; Dordogne,,NHMUK,Animalia,Phanerozoic,,Cenozoic,Quaternary,Adult,"Les Eyzies de Tayac, Rock-shelter Cro-Magnon",1535976746000,94246884-aac5-4a5a-a0cd-784633c1cb12,Primates,NHMUK:ecatalogue:2349735,Chordata,,,"Homo sapiens Linnaeus, 1758","Linnaeus, 1758",Male,sapiens,Aquitaine,Anthropology,44 56 00 N,001 01 00 E,
05ff2255-c38a-40c9-b657-4ccb55ab2feb,2932798,,,,,,,,,,,,,,Specimen,PA EM 4352,"Cast, Cranium and mandible",Quaternary,Mammalia,PAL,Europe,France,1390311530000,,,"Homo sapiens Linnaeus, 1758",Dr F Krantz,Phanerozoic,,Cenozoic,Quaternary,Hominidae,1913207620,,Homo,Animalia; Chordata; Vertebrata; Mammalia; Primates; Haplorrhini; Simiiformes; Hominoidea; Hominidae,Europe; France; Aquitaine; Dordogne,,NHMUK,Animalia,Phanerozoic,,Cenozoic,Quaternary,Adult,"Combe-Capelle near Montferrand, Dordogne, France|Nearest Named Place: Combe Capelle, Montferrand",1535976734000,d1669482-19d4-4e97-a956-c186b465a55e,Primates,NHMUK:ecatalogue:2932798,Chordata,,,"Homo sapiens Linnaeus, 1758","Linnaeus, 1758",,sapiens,Aquitaine,Anthropology,,,
05ff2255-c38a-40c9-b657-4ccb55ab2feb,2817686,184993 | 184994,47738c9050cc9fe34fd2a4ef6b2d88b577a1e328 | f3eb3d0b72304f58aaac08dbfa766fd8984deb45,Specimen | Specimen,1382110940000 | 1382111000000,Gabrielle Delbarre | Gabrielle Delbarre,https://www.nhm.ac.uk/services/media-store/asset/47738c9050cc9fe34fd2a4ef6b2d88b577a1e328/contents/preview | https://www.nhm.ac.uk/services/media-store/asset/f3eb3d0b72304f58aaac08dbfa766fd8984deb45/contents/preview,http://creativecommons.org/licenses/by/4.0/ | http://creativecommons.org/licenses/by/4.0/,jpeg | jpeg,1455543270000 | 1455543270000,"The Trustees of the Natural History Museum, London | The Trustees of the Natural History Museum, London",NHM-UK_PA_EM3974_1_M_1 | NHM-UK_PA_EM3974_2_M_1,StillImage | StillImage,2,Specimen,PA EM 3974,"Skull. Homo sapiens. Bruniquel Cave, France. Magdalenian period.","Quaternary, Pleistocene",Mammalia,PAL,Europe,France,1377883813000,44.033,1.567,"Homo sapiens Linnaeus, 1758",F de Lastic,Phanerozoic,Pleistocene,Cenozoic,Quaternary,Hominidae,1944428226,GEODETIC_DATUM_ASSUMED_WGS84,Homo,Animalia; Chordata; Vertebrata; Mammalia; Primates; Haplorrhini; Simiiformes; Hominoidea; Hominidae,Europe; France; Midi-Pyrénées; Tarn-et-Garonne,,NHMUK,Animalia,Phanerozoic,Pleistocene,Cenozoic,Quaternary,Adult,"Bruniquel les Forges, Aveyron valley, Bruniquel les Forges, Aveyron valley",1541507954000,853a8033-07d6-452c-aee0-ca1fe04eb9b3,Primates,NHMUK:ecatalogue:2817686,Chordata,F de Lastic,Excavation,"Homo sapiens Linnaeus, 1758","Linnaeus, 1758",,sapiens,Midi-Pyrénées,Anthropology,44 02 00 N,001 34 00 E,1863
05ff2255-c38a-40c9-b657-4ccb55ab2feb,2015219,,,,,,,,,,,,,,Specimen,PA EM 290,,"Quaternary, Holocene",,PAL,Europe,France,856396800000,46.200,5.500,Homo sapiens | Homo sapiens,M Code,Phanerozoic,Holocene,Cenozoic,Quaternary,,1056976142,GEODETIC_DATUM_ASSUMED_WGS84,,,Europe; France; Rhône-Alpes; Ain,,NHMUK,,Phanerozoic,Holocene,Cenozoic,Quaternary,,"La Genière, La Genière",1530800299000,fc3463a1-be13-4bd4-9972-4f3433c59887,,NHMUK:ecatalogue:2015219,,,,,,,,Rhône-Alpes,Anthropology,46 12 00 N,005 30 00 E,
05ff2255-c38a-40c9-b657-4ccb55ab2feb,2015597,,,,,,,,,,,,,,Specimen,PA EM 322,,"Quaternary, Pleistocene",,PAL,Europe,France,856483200000,45.683,0.350,Homo sapiens | Homo sapiens,,Phanerozoic,Pleistocene,Cenozoic,Quaternary,,1056584424,GEODETIC_DATUM_ASSUMED_WGS84,,,Europe; France; Poitou-Charentes; Charente,,NHMUK,,Phanerozoic,Pleistocene,Cenozoic,Quaternary,,"Fontéchevade, Fontéchevade",1530800335000,e451c051-14d9-4167-804a-56ae3f7832f8,,NHMUK:ecatalogue:2015597,,,,,,,,Poitou-Charentes,Anthropology,45 41 00 N,000 21 00 E,
